media_id,title,favorites,coins,views,danmakus,media_tags,score,cm_count
7,漫研部,48047,415,835586,5161,"['搞笑', '泡面', '日常', '校园']",8.7,112人评
17,网球并不可笑嘛 第一季,60614,1258,2185735,10890,"['萌系', '日常', '运动', '社团']",9.3,189人评
53,月刊少女野崎君,2049218,78630,11844129,255921,"['搞笑', '校园', '少女', '漫画改', '恋爱']",9.8,22808人评
59,青春之旅,871447,22029,5216083,219265,"['少女', '恋爱', '校园']",9.5,2735人评
84,荷包蛋的蛋黄什么时候戳破才好？,75508,2049,3171701,223090,"['搞笑', '日常', '美食']",9.2,371人评
92,每度！浦安铁筋家族,30552,8339,6473101,38222,"['搞笑', '日常', '泡面']",9.1,139人评
109,复仇者：世上最强英雄组合,102691,3706,2772183,90623,"['科幻', '热血']",9.6,490人评
110,犬神同学和猫山同学,100667,4511,2719175,27509,"['日常', '泡面', '治愈']",9.5,497人评
111,剑灵,88164,657,2761698,115735,['奇幻'],8.0,188人评
113,我们大家的河合庄,344466,5373,814298,17166,"['日常', '恋爱', '校园']",9.7,2358人评
157,游☆戏☆王 GX ,168614,3302,10171209,262868,"['热血', '奇幻', '校园', '战斗']",9.5,1347人评
162,罗德岛战记,33077,617,313904,6484,"['时泪', '奇幻', '神魔', '架空', '冒险']",9.6,162人评
170,众神的恶作剧,219455,3242,4856911,326607,"['乙女', '奇幻']",9.0,364人评
187,棺姬嘉依卡,223311,2536,4923125,182268,"['奇幻', '神魔', '架空', '冒险']",9.1,251人评
191,请问您今天要来点兔子吗？,1201772,44410,10271537,600732,"['萌系', '日常', '美食', '治愈', '萝莉']",9.6,4772人评
193,龙娘七七七埋藏的宝藏,389566,3099,528468,8553,"['奇幻', '日常', '推理']",9.1,1325人评
207,头文字D First Stage,286514,16391,10141529,383873,"['时泪', '运动', '热血']",9.8,2187人评
208,头文字D Second Stage,70772,4910,3238734,136922,"['时泪', '运动', '热血']",9.7,506人评
209,头文字D Third Stage,45119,2101,1553914,59329,['运动'],9.5,250人评
211,头文字D Fifth Stage,59555,3969,6319373,124411,"['时泪', '运动', '热血']",9.6,278人评
212,头文字D Final Stage,45760,4045,2660231,46621,"['时泪', '运动', '热血']",9.7,367人评
233,献给某飞行员的恋歌,81331,864,1671404,58151,"['科幻', '少女', '小说改', '架空']",8.7,281人评
238,姐姐来了,323504,7236,12342210,61588,['日常'],9.5,1125人评
239,银之匙 Silver Spoon 第一季,199865,6829,5046977,145840,"['日常', '校园', '热血', '美食', '社团']",9.8,2040人评
240,银之匙 Silver Spoon 第二季,94330,5431,3774123,83693,"['日常', '热血', '校园', '美食', '社团']",9.8,1641人评
241,GO!GO!575,32735,551,545726,8643,"['日常', '治愈']",9.3,119人评
249,农林,562271,19230,4240426,261618,"['萌系', '日常', '美食', '小说改', '偶像']",9.3,2990人评
253,世界征服 谋略之星,143437,2834,3489126,110750,"['萌系', '科幻']",9.1,644人评
257,稻荷恋之歌,345826,6102,5924752,220205,"['少女', '奇幻', '恋爱']",9.2,968人评
281,甘城光辉游乐园,1029547,52251,6192401,202631,"['日常', '奇幻', '励志', '职场']",9.6,7779人评
282,电器街的漫画店,267818,12180,9497957,264398,"['萌系', '搞笑', '日常', '治愈', '职场']",9.3,857人评
289,记录的地平线,623027,19290,10461089,364513,"['奇幻', '智斗', '架空', '穿越', '冒险']",9.6,2536人评
296,天体的秩序,337815,16518,6856876,364478,"['奇幻', '日常', '治愈', '萝莉']",9.3,1332人评
297,银仙,752981,25860,26564124,2850899,"['萌系', '搞笑', '日常', '治愈', '少女']",9.6,2209人评
311,我家浴缸的二三事,440252,13620,20603432,262099,"['日常', '泡面', '治愈']",9.5,1103人评
323,大图书馆的牧羊人,347270,11291,8211619,325937,['日常'],9.2,1031人评
324,我，要成为双马尾。,599972,27498,21145679,1123365,"['奇幻', '搞笑', '热血', '战斗']",9.0,2103人评
333,RWBY,630788,29351,18779946,335498,"['奇幻', '战斗', '架空']",9.7,2385人评
334,RWBY 第二季,244963,22518,11610119,312947,"['奇幻', '战斗']",9.7,1016人评
408,潜行吧！奈亚子 Remember My Love,289993,2348,3054708,9384,"['萌系', '奇幻']",9.4,206人评
419,斩服少女,840263,30980,4062286,116604,"['奇幻', '热血', '原创']",9.8,15385人评
425,某科学的超电磁炮,2994053,371881,51291444,4210171,"['校园', '战斗', '奇幻', '漫画改']",9.6,13995人评
426,某科学的超电磁炮 OVA,429622,21176,3544947,164591,"['校园', '战斗', '奇幻']",9.4,1439人评
427,某科学的超电磁炮S,1354555,203916,27946274,2468986,"['校园', '战斗', '奇幻']",9.6,8584人评
439,问题儿童都来自异世界？,1233376,45421,33417247,595791,"['奇幻', '战斗', '热血', '架空', '穿越', '冒险']",9.1,3899人评
442,锁锁美同学@提不起劲,247195,3329,547469,11961,"['奇幻', '日常']",9.4,956人评
443,黄金拼图,244116,3935,597263,30036,"['萌系', '日常', '治愈']",9.6,1248人评
444,魔王勇者,759466,9012,1432768,36274,"['奇幻', '少女', '声控', '神魔', '架空', '冒险']",9.5,4526人评
445,翠星之加尔刚蒂亚,164201,3489,1972897,46575,"['奇幻', '科幻', '机战', '原创']",9.3,707人评
451,恋爱研究所,499462,5976,1054829,28337,"['萌系', '日常']",9.6,3360人评
473,夜樱四重奏 花之歌,59985,2514,1754242,59579,['奇幻'],9.5,257人评
475,伽利略少女,58188,626,1336944,65248,['科幻'],8.6,169人评
476,武士弗拉明戈,73026,296,72613,3208,"['搞笑', '科幻', '热血', '偶像']",9.2,445人评
485,核爆默示录,103812,1556,2650955,105926,"['科幻', '冒险']",8.3,300人评
487,PHI·BRAIN 神之谜题 第一季,54772,787,1196557,51827,"['奇幻', '智斗', '推理']",9.3,117人评
497,机动战士高达SEED HD,231340,14500,6996932,272546,"['科幻', '机战']",9.5,2295人评
499,机动战士高达SEED Destiny HD,168797,8880,6132548,294483,"['科幻', '机战']",9.1,1924人评
500,第一神拳,29847,1722,1771602,56613,"['运动', '热血']",9.7,318人评
502,第一神拳 Rising,10744,547,708879,9661,"['运动', '热血']",9.8,144人评
514,玉响～hitotose～,89361,1360,431321,22702,"['日常', '治愈', '社团']",9.7,320人评
515,玉响～more aggressive～,28501,1671,407088,23414,"['日常', '治愈', '社团']",9.6,176人评
516,跟班×服务,161158,3950,1505549,194657,"['萌系', '搞笑', '日常', '声控', '职场']",9.6,886人评
519,现视研 二代目,38951,912,551316,86738,"['日常', '少女']",9.5,256人评
523,蔷薇少女 梦之终结,99679,1732,534082,15934,"['萌系', '奇幻']",9.5,501人评
526,战姬绝唱SYMPHOGEAR,135469,2173,745651,20250,"['科幻', '音乐', '热血', '原创']",9.6,671人评
528,八犬传-东方八犬异闻- 第一季,295230,4352,2280832,80856,['奇幻'],9.7,880人评
572,KARNEVAL狂欢节,257372,4892,2028335,107780,"['奇幻', '战斗', '声控', '架空']",9.6,714人评
580,写真女友,200777,5955,5427556,176063,"['日常', '声控', '游戏改']",9.0,514人评
582,王者天下,32067,1853,2074684,83531,"['历史', '热血', '智斗']",9.2,218人评
594,穿透幻影的太阳,84141,1234,670001,8602,['奇幻'],8.9,291人评
602,天使的水果糖,16584,393,141908,6091,"['日常', '泡面', '架空']",9.0,134人评
616,花牌情缘,325842,5857,2673437,84420,"['少女', '运动', '校园', '热血', '催泪', '恋爱', '社团', '励志']",9.7,1563人评
617,花牌情缘 第二季,100970,3415,1362954,51670,"['少女', '运动', '校园', '热血', '催泪', '社团', '励志']",9.7,942人评
621,南家三姐妹 再来一碗,103507,5308,2523317,105722,"['萌系', '搞笑', '日常']",8.9,712人评
623,南家三姐妹 我回来了,159465,8397,2760076,109112,"['萌系', '搞笑', '日常', '漫画改']",9.8,1275人评
628,Q弟侦探因幡,257923,8167,2343316,48068,"['萌系', '搞笑', '日常']",9.7,891人评
631,学生会的一己之见,411810,9763,1268043,24112,"['日常', '校园', '小说改']",9.7,2585人评
637,GJ部,452011,26159,4711144,207831,"['萌系', '搞笑', '日常', '校园']",9.7,3116人评
643,AKB0048 第一季,57752,1983,2284676,94090,"['科幻', '音乐', '热血', '偶像']",9.6,295人评
644,AKB0048 第二季,35184,1328,1962225,42649,"['科幻', '音乐', '热血', '偶像']",9.6,234人评
657,初音岛 S.S.,64244,539,169214,9756,['日常'],9.3,178人评
658,初音岛II,64805,670,260187,6342,"['日常', '游戏改']",8.9,138人评
678,宫河家的空腹,36271,912,780324,11618,"['萌系', '日常', '泡面', '治愈', '美食']",9.0,240人评
686,加速世界,831858,30228,12612583,726521,"['科幻', '校园', '战斗', '热血', '小说改']",8.8,3429人评
695,创圣的大天使,97488,733,908172,17309,"['科幻', '热血', '机战', '架空']",8.9,113人评
698,魔装少女就是本少爷 第二季,399142,6907,1025376,36241,"['奇幻', '魔法']",9.6,2408人评
703,人类衰退之后,207949,3261,815518,16948,"['科幻', '日常', '小说改']",9.7,1651人评
710,散华礼弥,922888,18773,2453830,139627,"['奇幻', '日常', '治愈']",9.4,5234人评
713,恋爱随意链接,540054,17411,1538448,126095,"['日常', '少女', '校园', '小说改', '治愈']",9.5,5724人评
723,猫物语（黑）,351551,1257,283942,4855,"['奇幻', '声控', '小说改', '神魔']",9.7,1206人评
728,食梦者。2,75710,4583,1544324,75386,"['日常', '热血', '励志', '职场', '漫画改']",9.7,944人评
729,食梦者。3,78472,6187,1523094,73985,"['日常', '热血', '励志', '职场', '漫画改']",9.8,1738人评
732,向阳素描×365,13795,231,35745,1237,"['萌系', '日常', '治愈']",9.7,147人评
733,向阳素描×☆☆☆,12838,179,27915,898,"['萌系', '日常', '治愈']",9.6,120人评
734,向阳素描×蜂窝,15307,173,28557,706,"['萌系', '日常', '治愈']",9.7,165人评
735,只要你说你爱我,385361,3321,1331489,59944,"['日常', '少女', '恋爱']",8.4,1030人评
741,武装神姬,135101,957,362452,7359,['热血'],9.4,305人评
752,TARI TARI,282487,6381,1114294,44618,"['日常', '音乐', '校园', '催泪', '原创', '励志']",9.6,1784人评
760,夏雪密会,96058,1870,1064598,59252,"['奇幻', '少女']",9.4,413人评
762,薄樱鬼 碧血录,78179,3270,2362985,127554,"['历史', '声控', '乙女']",9.2,171人评
767,魔力家族,125713,620,542264,7643,"['奇幻', '乙女', '游戏改']",8.5,227人评
779,Fate/Zero 第二季,1238284,114841,54684374,2940615,"['时泪', '奇幻', '战斗', '热血', '声控']",9.5,7988人评
780,坂道上的阿波罗,109525,1606,472787,18366,"['音乐', '治愈', '励志', '校园', '恋爱']",9.6,669人评
782,一起一起这里那里,557998,16321,2726767,46942,"['萌系', '日常', '治愈', '萝莉']",9.8,4008人评
791,交响诗篇 AO,27694,1476,1241704,60355,"['科幻', '热血', '催泪', '机战', '架空']",8.0,180人评
793,Upotte!!,50139,368,91024,3543,"['科幻', '热血']",8.7,181人评
795,战国Collection ,29740,1036,565958,34221,"['奇幻', '热血', '游戏改']",9.5,121人评
797,光明之心 ～幸福的面包～,52426,695,755405,42044,"['奇幻', '热血', '架空']",8.6,113人评
809,妖狐×仆SS,1176505,27647,11548670,444526,"['奇幻', '少女', '恋爱']",9.6,3156人评
814,在盛夏等待,322074,3347,606566,18029,"['科幻', '催泪', '恋爱', '原创']",9.2,1117人评
817,暴力宇宙海贼,34068,5181,1619265,75290,"['科幻', '战斗', '日常']",9.6,284人评
818,零之使魔,842611,6200,1919189,60259,"['奇幻', '日常', '战斗', '恋爱', '小说改', '架空', '穿越', '冒险']",9.3,2412人评
819,零之使魔 双月骑士,319297,59908,8529809,599875,"['奇幻', '战斗', '小说改', '架空', '穿越', '冒险']",9.2,1328人评
821,零之使魔F,283681,49073,14130545,531064,"['奇幻', '日常', '战斗', '小说改', '架空', '穿越', '冒险']",9.4,1513人评
825,BRAVE10 真田十勇士,64039,200,90113,1315,"['历史', '奇幻', '热血', '战斗']",8.6,131人评
827,足球骑士,21924,379,302394,5410,['运动'],9.0,134人评
835,我们仍未知道那天所看见的花的名字。,2913590,274453,29515759,2019108,"['日常', '治愈', '催泪', '原创']",9.5,16955人评
842,笨蛋，测验，召唤兽,1060189,43962,15590309,742270,"['奇幻', '校园', '恋爱', '小说改']",9.6,5038人评
843,笨蛋，测验，召唤兽2,459771,25443,4521096,138193,"['奇幻', '校园', '小说改']",9.7,3444人评
844,日常,1616534,27875,5006465,115972,"['萌系', '搞笑', '日常', '漫画改']",9.8,20324人评
845,花开伊吕波,568388,20088,4939986,374811,"['日常', '治愈', '催泪', '原创', '励志']",9.6,4036人评
846,电波女与青春男,730644,14485,2612582,70187,"['萌系', '日常', '小说改']",9.5,3457人评
856,GOSICK,1043158,7430,974761,26433,"['萌系', '奇幻', '日常', '催泪', '小说改', '推理', '萝莉']",9.7,10156人评
857,好想告诉你 第一季,622427,17977,7995428,647864,"['少女', '校园', '治愈', '催泪', '恋爱']",9.7,1964人评
862,丹特丽安的书架,285485,5707,819580,24050,"['奇幻', '治愈', '声控', '冒险']",9.7,2430人评
863,[C]THE MONEY OF SOUL AND POSSIBILITY CONTROL,424853,7302,3170774,60401,"['奇幻', '战斗', '智斗', '原创', '穿越']",9.2,1723人评
864,便·当,198408,6109,4134006,164303,"['热血', '战斗', '校园', '小说改']",9.4,1141人评
865,食梦者玛利,98267,510,155218,2562,['奇幻'],7.8,274人评
867,迷糊餐厅 WORKING’!!,181701,5622,1294657,41165,"['搞笑', '日常', '声控', '美食', '漫画改', '职场']",9.6,981人评
868,纯白交响曲,434001,27993,9683471,446236,"['日常', '游戏改']",9.3,1437人评
869,UN-GO  因果论 ,142869,2816,1537415,43767,"['奇幻', '智斗', '推理']",9.5,506人评
871,UN-GO episode: 0 因果论,18482,692,181002,7257,"['奇幻', '智斗']",9.7,115人评
876,最终流放-银翼之法姆-,22066,194,59796,1787,"['奇幻', '科幻', '热血', '架空']",8.4,122人评
877,全职猎人,493494,18457,13915991,612294,"['奇幻', '热血', '智斗', '战斗', '时泪', '架空', '冒险']",9.8,3779人评
879,猎人 剧场版 绯色的幻影,56963,1221,473791,18506,"['奇幻', '热血']",7.3,113人评
887,无口的森田小姐,43392,669,334741,5425,"['日常', '泡面']",9.5,160人评
888,无口的森田小姐 2,11592,669,334748,5425,"['日常', '泡面']",9.6,102人评
893,白兔糖,351253,12075,2591044,70446,"['日常', '治愈']",9.8,2702人评
894,白兔糖 特典,40190,1494,260082,2662,"['日常', '治愈']",9.7,401人评
897,神的记事本,641899,13038,4493806,149966,"['日常', '小说改', '推理']",9.2,2016人评
898,神样DOLLS,20693,353,180153,10018,"['奇幻', '日常']",8.8,118人评
899,滑头鬼之孙,497087,1275,320910,9961,"['奇幻', '战斗', '热血', '声控', '神魔']",9.3,1916人评
900,滑头鬼之孙 第二季,232834,931,275694,7425,"['奇幻', '战斗', '热血', '声控', '神魔']",9.5,1515人评
901,SACRED SEVEN,51820,635,1005617,72753,"['奇幻', '热血']",8.9,121人评
904,猫神八百万,108335,1266,257274,4396,"['萌系', '奇幻', '日常', '治愈']",9.5,323人评
919,架向星空之桥,358384,13471,3559529,217503,"['日常', '治愈']",8.8,979人评
921,玛莉亚†狂热 第二季,43177,1943,1465497,74007,"['搞笑', '日常']",9.5,331人评
929,战国鬼才传,8783,955,467865,35429,['历史'],9.7,141人评
947,LEVEL E,99815,2425,1276170,31902,"['奇幻', '科幻']",9.7,720人评
949,超元气三姐妹,257602,10106,1963645,61743,"['萌系', '搞笑', '日常', '治愈']",9.7,2231人评
951,放浪男孩,56743,1350,427947,16784,"['日常', '少女', '治愈']",9.5,328人评
953,分形世界,42340,460,199317,7315,['奇幻'],8.3,167人评
959,Angel Beats!,1421109,46759,5163113,213637,"['奇幻', '校园', '战斗', '催泪', '原创', '穿越']",9.7,12449人评
964,魔法禁书目录 第二季,1073805,108495,23962812,1712033,"['科幻', '校园', '战斗', '热血', '小说改']",8.9,4714人评
965,魔法禁书目录 剧场版,421834,34960,5343483,303269,"['科幻', '校园', '战斗', '热血']",8.9,1567人评
969,会长是女仆大人！,1326805,51926,9342401,335658,"['日常', '少女', '校园', '恋爱', '搞笑', '漫画改']",9.8,8926人评
981,大神与七位伙伴,326487,2026,328300,9566,"['奇幻', '热血', '社团']",9.4,1559人评
982,花丸幼稚园,283722,7440,1002037,39245,"['萌系', '日常', '治愈']",9.6,1442人评
984,传说中勇者的传说,438911,12370,5713328,146723,"['奇幻', '热血', '战斗', '架空', '冒险']",9.4,2270人评
992,女仆咖啡厅,56956,1556,832433,31057,"['搞笑', '少女', '治愈', '美食']",9.6,458人评
995,海月姬,41343,1103,378385,11723,"['搞笑', '日常', '治愈']",9.6,333人评
996,FORTUNE ARTERIAL -赤之约定-,211897,1290,243713,7226,"['奇幻', '日常', '游戏改']",9.2,641人评
1000,梦色蛋糕师,203079,7192,5985495,224246,"['少女', '美食', '奇幻', '日常']",9.7,1059人评
1004,钢铁侠,26110,413,710174,7578,"['科幻', '热血']",3.3,414人评
1015,王牌投手 振臂高挥,62304,1055,461132,11462,"['运动', '治愈', '热血', '声控', '智斗', '社团', '励志']",9.7,579人评
1016,王牌投手 振臂高挥～夏日大会篇～,23709,587,182081,4150,"['运动', '治愈', '热血', '声控', '智斗', '社团', '励志']",9.7,347人评
1020,逆转监督,44570,1417,881774,26011,['运动'],9.7,328人评
1040,交响情人梦 巴黎篇,33936,968,688722,24548,"['少女', '音乐']",9.7,196人评
1041,交响情人梦Finale,45648,1034,810039,21187,"['少女', '音乐']",9.7,283人评
1056,凉宫春日的忧郁 2006,265188,2642,485972,7492,"['时泪', '奇幻', '搞笑', '科幻', '日常', '校园', '小说改', '社团']",9.6,1641人评
1062,乃木坂春香的秘密,184627,1567,360629,12359,"['日常', '恋爱']",9.2,372人评
1064,DARKER THAN BLACK -黑之契约者-,1049276,25763,7248978,270159,"['奇幻', '科幻', '战斗', '热血', '催泪', '冒险']",9.7,5447人评
1065,DARKER THAN BLACK -流星的双子-,239473,10379,2193176,91238,"['奇幻', '科幻', '战斗', '热血', '催泪']",9.6,2627人评
1066,DARKER THAN BLACK -黑之契约者- 外传,160553,6395,1031165,29567,"['奇幻', '科幻', '战斗', '热血', '催泪']",9.7,1058人评
1071,狼与香辛料,801127,31645,5170113,194056,"['奇幻', '日常', '治愈', '小说改', '架空', '冒险']",9.8,6283人评
1073,潘朵拉之心,361061,7545,3347452,130246,"['奇幻', '神魔', '冒险']",9.6,1698人评
1078,白色相簿 上半篇章,522276,1550,488288,7595,"['日常', '游戏改', '恋爱']",9.3,1248人评
1080,东京地震8.0,139882,2932,931901,66702,"['日常', '催泪', '原创']",9.6,997人评
1089,钢之炼金术师 FULLMETAL ALCHEMIST,1541442,142448,30631282,845394,"['时泪', '奇幻', '战斗', '热血', '架空', '冒险']",9.9,50814人评
1090,钢之炼金术师 叹息之丘的圣星,163271,10168,1556288,27791,"['时泪', '奇幻', '战斗', '热血', '架空', '冒险']",8.8,728人评
1092,钢壳都市雷吉欧斯,274815,1006,441092,9795,"['科幻', '热血', '战斗', '架空']",8.3,579人评
1097,空罐少女,139465,2330,1046991,52155,['日常'],9.0,383人评
1102,黑神,66715,644,519837,13741,"['奇幻', '热血']",8.6,179人评
1106,脆莓公园 第一季,127129,3082,3822019,24901,"['搞笑', '日常']",9.6,531人评
1112,秀逗魔导士 第一季,63016,1760,1253895,4606,"['时泪', '奇幻', '热血', '魔法', '神魔', '架空', '冒险']",9.7,339人评
1117,仰望天空的少女瞳中的世界,31850,266,150115,4936,"['奇幻', '科幻', '治愈', '架空']",8.9,114人评
1118,源氏物语千年纪 Genji,119639,1388,1123872,39603,"['历史', '少女', '恋爱']",9.2,201人评
1123,阿拉德战记,88882,3965,1732279,103694,"['奇幻', '热血', '架空', '冒险']",9.7,1045人评
1127,战场上的女武神,73865,1429,847698,46762,"['奇幻', '少女', '热血']",8.7,270人评
1128,神曲奏界POLYPHONICA 第一季,106587,547,201989,2102,"['奇幻', '架空']",8.9,142人评
1133,天国少女,54559,825,740063,39654,['少女'],9.7,164人评
1136,夏之岚！ ～春夏冬中～,17175,122,39176,624,"['奇幻', '日常', '美食', '穿越']",9.4,101人评
1140,苍天航路,14992,399,305768,12650,"['历史', '热血']",9.1,100人评
1141,天堂餐馆,71380,1048,468641,17360,"['日常', '少女', '治愈', '美食']",9.6,244人评
1155,战斗司书,85126,792,876499,11446,"['奇幻', '科幻', '热血', '声控', '战斗']",9.1,173人评
1160,天体战士 第2期,4420,419,226955,11673,"['科幻', '热血']",9.7,141人评
1164,小鸠,173686,2846,676238,29784,"['萌系', '日常', '少女', '治愈', '催泪']",9.7,676人评
1166,轻声密语,60249,2796,687597,69757,"['日常', '校园']",9.7,526人评
1177,CLANNAD,1690876,63477,7869123,272651,"['时泪', '校园', '治愈', '催泪', '游戏改', '恋爱', '社团']",9.8,21017人评
1182,悠久之翼2,108095,4864,922312,45478,"['少女', '催泪', '校园', '恋爱']",9.7,1299人评
1189,超时空要塞 Frontier,151040,2866,2414684,86508,"['科幻', '热血', '机战', '偶像']",9.5,947人评
1192,机动战士高达00,232600,8488,4531142,99119,"['科幻', '热血', '机战']",9.6,1921人评
1193,机动战士高达00 第二季,132117,7322,4502965,140912,"['科幻', '热血', '机战']",9.7,1977人评
1196,图书馆战争,101345,1203,715023,24717,"['奇幻', '热血']",9.3,232人评
1201,食灵-零-,207983,1432,259804,5783,['战斗'],9.4,1334人评
1204,H2O 赤砂的印记,87608,424,80157,2526,"['少女', '治愈']",9.4,401人评
1210,深渊传说,82323,1161,860939,23410,"['奇幻', '热血', '战斗']",8.9,162人评
1211,吸血鬼骑士,299352,6154,5552910,238650,"['奇幻', '少女', '乙女', '神魔']",9.2,744人评
1219,再造人卡辛,25336,295,85523,1254,['科幻'],9.7,183人评
1220,伯爵与妖精,255344,1709,2209857,71263,"['奇幻', '少女']",8.9,329人评
1221,武装机甲,61851,714,999473,30536,"['科幻', '热血', '机战']",8.7,125人评
1223,虎子,18272,193,31948,1192,['日常'],9.4,100人评
1230,无限之住人,39634,454,319866,5667,"['历史', '热血']",9.1,100人评
1231,药师寺凉子的怪奇事件簿,62312,675,178478,3445,"['奇幻', '日常', '热血', '推理']",9.4,271人评
1233,Sends of Destruction,84889,635,392130,8072,"['奇幻', '热血', '架空', '冒险']",8.6,179人评
1238,海马,61136,1701,385269,14996,"['科幻', '少女']",9.8,694人评
1239,×××HOLiC,748540,13824,4249364,99562,"['奇幻', '日常']",9.8,3220人评
1246,二十面相少女,37976,523,279870,14045,"['奇幻', '热血']",9.4,121人评
1250,苍色骑士（中文）,67879,51,154431,342,"['奇幻', '科幻']",8.7,125人评
1251,骷髅13,17322,562,603774,26816,['热血'],9.6,124人评
1255,幻影少年,87861,684,317700,9431,['奇幻'],9.2,183人评
1262,Stories of Last Letter,142222,2862,890303,24695,"['奇幻', '治愈', '少女']",9.5,909人评
1271,精灵守护者,59906,2207,752670,36010,"['奇幻', '治愈', '热血']",9.8,533人评
1274,英雄时代,144880,6533,2486329,74718,"['科幻', '热血', '机战', '战斗']",9.7,1558人评
1279,青空下的约定,61260,467,382694,4289,['日常'],8.1,102人评
1293,幸运星,412269,10187,1005274,23191,"['萌系', '搞笑', '日常', '治愈']",9.8,5978人评
1295,地球防卫少年,82562,1951,1038182,73841,"['科幻', '机战']",9.1,480人评
1299,彩云国物语,142202,3145,1520724,59201,"['奇幻', '少女', '声控', '小说改', '乙女', '架空']",9.5,493人评
1300,彩云国物语 第二季,41129,902,845532,21280,"['奇幻', '少女', '声控', '小说改', '乙女', '架空', '穿越']",9.5,183人评
1308,小女神花铃,69214,745,192299,7639,"['萌系', '奇幻', '少女']",9.7,246人评
1314,悲惨世界 少女珂赛特,26061,1073,262773,21199,"['少女', '治愈']",9.7,303人评
1315,校园理想乡 学美向前冲！,24503,400,47857,2139,"['萌系', '搞笑', '科幻', '声控']",9.6,195人评
1333,龙鸣,44298,293,179319,1489,"['科幻', '热血']",6.0,339人评
1340,逮捕令 第一季,42453,1021,793731,46900,"['日常', '少女', '热血', '职场']",9.6,199人评
1344,素描簿,34274,444,157334,5620,"['萌系', '日常', '治愈']",9.6,151人评
1356,萌单,32363,428,213535,13671,"['萌系', '日常', '魔法']",9.1,102人评
1359,永生之酒,534000,10190,2442394,69111,"['时泪', '奇幻', '声控', '小说改', '搞笑', '热血']",9.7,4223人评
1371,僵尸借贷,70638,482,432710,23409,"['奇幻', '热血']",9.2,181人评
1374,KANON / 雪之少女（东映版）,65136,302,326576,9125,"['少女', '治愈']",8.5,176人评
1375,KANON / 雪之少女（京都版）,181148,4606,557705,35134,"['少女', '治愈', '催泪']",9.7,1507人评
1379,黑礁,248977,7322,3502102,83340,"['科幻', '战斗', '热血', '智斗', '漫画改']",9.6,1122人评
1380,黑礁 第二季,69061,7322,3502168,83340,"['科幻', '战斗', '热血', '智斗']",9.6,573人评
1383,我们的存在,126141,705,267497,8592,"['日常', '少女', '治愈', '恋爱']",9.5,308人评
1388,传颂之物,200084,4534,1139509,42195,"['奇幻', '热血', '战斗', '架空']",9.7,1201人评
1389,惊爆草莓,120903,3042,834010,84362,[],9.3,656人评
1390,魔界战记 迪斯凯亚,17868,332,201116,5604,"['奇幻', '热血', '架空', '冒险']",9.5,100人评
1394,备长炭,21651,1741,235914,11600,"['萌系', '搞笑', '日常', '治愈']",9.8,341人评
1395,死神的歌谣,53901,328,414078,7021,"['萌系', '奇幻']",9.4,119人评
1396,怪 〜AYAKASHI〜,281428,5834,2248993,120798,"['历史', '奇幻', '治愈']",9.7,1082人评
1405,结界师,84328,1680,555431,12379,"['奇幻', '热血']",9.7,658人评
1406,奇幻贵公子,157458,2748,1380383,55434,"['奇幻', '推理']",9.4,929人评
1407,欢迎光临樱兰高校,656317,25898,10733620,400366,"['搞笑', '日常', '少女', '校园', '社团', '乙女']",9.8,5252人评
1408,武装炼金,39292,538,455828,16048,['热血'],9.2,145人评
1410,心跳回忆 ONLY LOVE,103758,3165,1456592,59454,"['萌系', '日常', '治愈']",9.5,359人评
1414,后天的方向,18302,309,44996,1429,"['萌系', '日常', '治愈']",9.6,149人评
1420,魔法老师涅吉! 第一季,170201,1650,894453,24299,"['萌系', '日常', '魔法']",9.0,336人评
1422,调酒师,94204,1124,205555,2245,"['日常', '治愈']",9.7,404人评
1423,永不消失的彩虹,63327,631,511249,10924,"['萌系', '奇幻', '日常']",8.8,109人评
1426,Happiness!,45999,305,92186,1936,"['萌系', '日常']",8.6,106人评
1434,贫穷姐妹物语,68241,1368,145725,7297,"['萌系', '日常', '治愈']",9.4,250人评
1446,校园迷糊大王,133054,3668,1137769,40215,"['搞笑', '日常']",9.8,1190人评
1448,我的女神,119280,3100,771825,19461,"['时泪', '治愈', '奇幻']",9.7,787人评
1449,我的女神 缤纷之翼,34202,483,140468,3107,"['时泪', '治愈', '奇幻']",9.7,312人评
1461,西蒙 SIMOUN,28403,415,191472,13625,"['科幻', '机战', '架空']",9.7,173人评
1463,翼·年代记,362716,5234,3393407,203512,"['科幻', '热血', '架空', '穿越', '冒险']",9.6,880人评
1472,苍之瞳的少女,28384,340,62414,1408,"['奇幻', '科幻']",9.5,134人评
1476,不可思议星球的双胞胎公主,92954,1786,1513633,96588,"['奇幻', '少女', '魔法']",9.4,275人评
1491,纯洁的玛利亚,106722,4284,5716350,165633,"['历史', '奇幻', '少女']",8.9,450人评
1505,无头骑士异闻录×2 承,421907,22560,15649946,659336,"['奇幻', '日常', '声控', '小说改']",9.5,1205人评
1509,偶像大师 灰姑娘女孩,283777,9197,5645823,205303,"['音乐', '偶像', '励志', '少女']",9.3,597人评
1512,路人女主的养成方法,2512809,184345,76690234,2237746,"['恋爱', '小说改']",9.3,12229人评
1519,血型君2,116276,1103,7036585,115768,['泡面'],9.4,198人评
1520,美男高校地球防卫部LOVE！,128766,711,467121,31357,"['搞笑', '奇幻', '战斗', '校园']",9.1,310人评
1527,ISUCA,225390,3074,1479532,69055,"['热血', '奇幻', '校园', '战斗']",6.4,607人评
1528,动画心疗系,59495,966,2820010,37125,"['搞笑', '泡面']",9.1,166人评
1535,魔法少女奈叶,151323,376,117869,3312,"['热血', '魔法']",9.7,778人评
1538,魔法少女奈叶ViVid,84465,6613,4075929,116923,"['萌系', '少儿', '热血', '魔法']",8.8,252人评
1539,我的青春恋爱物语果然有问题。,2111468,115818,28766643,1483862,"['日常', '校园', '智斗', '恋爱', '小说改']",9.7,15129人评
1548,御神乐学园组曲,137364,3720,4616039,189631,"['热血', '校园', '社团', '战斗']",8.8,340人评
1552,可塑性记忆,2001895,306534,40990327,1867470,"['科幻', '日常', '少女', '催泪']",9.6,11597人评
1553,幻界战线,1397157,78804,40308573,725452,"['科幻', '热血', '战斗']",9.5,7277人评
1557,吸血鬼福尔摩斯,91024,395,2140717,23264,"['泡面', '推理', '神魔']",8.4,121人评
1563,歌之☆王子殿下 真爱REVOLUTIONS,154458,3904,5418522,286590,"['音乐', '声控', '乙女', '偶像']",9.4,287人评
1564,攻壳机动队 STAND ALONE COMPLEX,409867,9174,4692239,112828,"['科幻', '热血', '智斗']",9.7,1993人评
1565,攻壳机动队 S.A.C. 2nd GIG,122697,3992,1797699,27213,"['科幻', '热血', '智斗']",9.8,1122人评
1568,攻壳机动队ARISE ALTERNATIVE ARCHITECTURE,86851,2063,2005862,21844,"['科幻', '热血', '智斗']",8.7,159人评
1574,伪恋：,991411,58051,29351905,818589,"['日常', '校园', '漫画改']",9.3,3891人评
1576,希德尼娅的骑士 第一季,223989,6172,4597346,88904,"['热血', '科幻', '机战', '冒险']",9.6,1312人评
1580,摸索吧！部活剧 第三季,17279,1855,480849,18254,"['日常', '社团']",9.7,101人评
1586,Fate/stay night [Unlimited Blade Works] 第一季,2978175,221287,117824670,4691753,"['奇幻', '热血']",9.3,11465人评
1587,Fate/stay night [Unlimited Blade Works] 第二季,1820349,193490,97286341,2338238,"['奇幻', '热血']",9.4,9701人评
1588,罪恶王冠,2282044,125291,36349112,2499252,"['奇幻', '战斗', '热血', '原创', '架空']",8.7,14291人评
1589,罪恶王冠 SP,243214,2927,5217453,12394,"['奇幻', '战斗', '热血']",8.8,372人评
1590,战国BASARA,64314,522,444527,13411,"['历史', '热血', '游戏改']",9.3,135人评
1593,搞笑漫画日和,341072,5961,5169684,44833,"['搞笑', '泡面']",9.3,765人评
1594,搞笑漫画日和2,96264,2317,2315521,16243,"['搞笑', '泡面']",9.3,291人评
1595,搞笑漫画日和3,82342,1764,1696566,15758,"['搞笑', '泡面']",9.2,234人评
1596,搞笑漫画日和＋,109460,1927,1876932,11494,"['搞笑', '泡面']",9.4,336人评
1603,灼眼的夏娜III -Final-,287270,15886,4062554,368971,"['战斗', '热血', '小说改', '奇幻', '萝莉', '神魔']",9.4,1581人评
1605,灼眼的夏娜S,127099,2965,938833,50159,"['校园', '战斗', '热血', '小说改', '奇幻', '萝莉']",9.5,241人评
1607,灼眼的夏娜 OVA 恋爱与温泉的校外学习！,113642,1386,602667,30374,"['校园', '热血', '小说改', '奇幻', '日常']",9.3,148人评
1609,灼眼的夏娜 剧场版,141945,1743,681085,14669,"['校园', '战斗', '热血', '小说改', '奇幻']",9.2,190人评
1624,黑子的篮球,698327,17468,13012379,856594,"['运动', '热血', '声控', '社团', '漫画改', '励志']",9.0,1640人评
1625,黑子的篮球 第2期,379002,14144,10618476,869778,"['运动', '热血', '声控', '社团']",9.1,909人评
1633,DOG DAYS'',128606,4392,5310945,144960,"['少女', '战斗', '热血', '声控', '奇幻', '日常', '架空', '穿越']",9.3,427人评
1635,EVA 新世纪福音战士,721125,37305,10126685,330065,"['科幻', '机战', '战斗']",9.7,12525人评
1650,Fate/Zero 第一季,2393308,114841,54684259,2940615,"['时泪', '奇幻', '战斗', '热血', '声控']",9.5,10080人评
1651,网球优等生,16836,646,546688,10041,['运动'],9.7,186人评
1653,热风海陆BUSHIROAD,96574,1533,700963,27294,"['热血', '冒险']",8.9,285人评
1655,关于完全听不懂老公在说什么的事 第二季,467213,25740,28389271,169051,"['日常', '少女', '泡面']",9.6,2590人评
1656,无头骑士异闻录,1102761,24314,13179916,857650,"['奇幻', '日常', '声控', '小说改']",9.6,4109人评
1657,宇宙兄弟,44463,2248,815355,57741,"['科幻', '日常', '治愈', '热血', '励志']",9.8,418人评
1665,BLACK★ROCK SHOOTER,668523,14529,4211119,248469,"['科幻', '热血', '战斗', '穿越']",9.4,2252人评
1666,BLACK★ROCK SHOOTER OVA,123463,3806,1059161,67003,"['热血', '战斗', '奇幻']",9.5,425人评
1674,竖笛与双肩书包 2♪,14989,690,1190120,10311,"['萌系', '日常', '治愈']",9.5,147人评
1675,竖笛与双肩书包 3☆,13702,771,1141883,6901,"['萌系', '日常', '治愈']",9.2,147人评
1676,竖笛与双肩书包 OAD,9137,183,134830,1272,"['萌系', '日常', '治愈']",9.6,112人评
1687,萌菌物语 Returns,29761,1126,927794,31672,"['萌系', '日常']",9.4,185人评
1699,四月是你的谎言,3233584,359188,94524828,3795105,"['少女', '音乐', '催泪', '恋爱']",9.7,23646人评
1705,攻壳机动队 S.A.C. Solid State Society,53173,390,202316,5214,"['科幻', '热血', '智斗']",9.3,103人评
1715,虫师,702507,14081,2739605,47342,"['奇幻', '治愈']",9.8,5766人评
1717,游☆戏☆王 5D's 第一季,86810,8087,7984896,342957,"['热血', '奇幻', '战斗']",9.7,861人评
1718,游☆戏☆王 5D's 第二季,30050,8088,7985192,342962,"['热血', '奇幻', '战斗']",9.6,282人评
1719,游☆戏☆王 5D's 第四季,38958,8088,7985149,342959,"['热血', '奇幻', '战斗']",9.7,629人评
1720,游☆戏☆王 5D's 第三季,27726,8088,7985204,342962,"['热血', '奇幻', '战斗']",9.6,233人评
1721,游☆戏☆王 5D's OVA 进化的决斗！星尘龙 VS 真红魔龙,14628,8088,7985299,342963,"['热血', '战斗']",9.1,110人评
1722,BUDDY COMPLEX,115549,2632,1928026,86495,"['科幻', '热血', '机战', '战斗', '架空', '穿越']",9.4,662人评
1723,变形金刚 领袖之证 美版第一季,38054,2400,2462936,144151,"['科幻', '热血']",9.6,325人评
1728,史上最强弟子兼一,66024,2513,2630184,59543,['热血'],9.8,411人评
1732,幻想嘉年华,795025,41321,12410793,509874,"['日常', '泡面', '奇幻']",9.7,4884人评
1749,马达加斯加的企鹅 第一季,64037,1719,1654112,29609,['萌系'],9.7,250人评
1750,马达加斯加的企鹅 第二季,26262,807,940323,13906,['萌系'],9.7,141人评
1765,机巧魔神,79025,619,281585,3645,"['科幻', '热血']",9.1,202人评
1776,斗牌传说,31700,1148,1089753,22804,"['热血', '智斗']",9.5,280人评
1778,CANVAS2 七彩的素描,40901,231,46271,1084,"['少女', '治愈']",9.0,117人评
1787,逆转公主,62002,1147,377364,8325,['奇幻'],8.8,299人评
1789,CANDY BOY,82736,4220,1041354,32822,['日常'],9.7,768人评
1792,再见绝望先生,211812,3997,1783179,53519,"['搞笑', '日常']",9.7,906人评
1793,俗・再见绝望先生,55447,1732,787128,31000,"['搞笑', '日常']",9.7,395人评
1794,忏・再见绝望先生,49831,1515,611507,24674,"['搞笑', '日常']",9.7,361人评
1811,地上最强新娘,108561,2780,1328086,44404,"['恋爱', '奇幻', '校园', '战斗']",8.7,290人评
1823,勇者王GAOGAIGAR,17261,578,555592,21919,"['科幻', '热血', '机战']",9.8,123人评
1836,武器种族传说,120974,1270,286935,5312,"['奇幻', '热血', '架空', '冒险']",9.6,479人评
1843,凉风,65994,915,394451,19005,"['日常', '少女']",9.0,196人评
1844,不可思议的教室,52735,327,79228,1389,"['搞笑', '日常', '校园']",9.3,185人评
1846,波子汽水,41435,231,242271,1819,"['日常', '治愈', '游戏改']",9.5,127人评
1847,增血鬼果林,19786,213,60876,1692,"['奇幻', '日常', '少女']",9.1,139人评
1850,天使心,15345,516,211292,8387,['日常'],9.6,135人评
1855,甲贺忍法帖,143442,2032,2589227,48031,"['历史', '热血']",9.6,1126人评
1856,草莓棉花糖,100618,2634,1072189,46422,"['萌系', '日常', '治愈']",9.6,627人评
1857,鸦KARAS,342524,18032,2807355,54496,"['奇幻', '战斗']",9.8,2102人评
1862,枪心剑刃,33533,316,93892,2242,"['奇幻', '架空']",9.5,211人评
1864,心动的日子,37105,223,61585,947,"['日常', '治愈']",9.3,131人评
1875,人鱼的旋律,85226,1053,1336171,37444,"['萌系', '奇幻']",9.7,187人评
1890,岩窟王,34246,412,84562,2927,['科幻'],9.3,186人评
1902,玛德莱克丝,28073,587,244188,16934,[],9.2,166人评
1905,爱你宝贝,20391,623,295978,12162,"['日常', '治愈']",9.6,131人评
1907,苏生龙王传说,8296,457,245965,24395,"['萌系', '热血']",9.8,102人评
1910,怪医黑杰克,101643,1956,447252,18051,['漫画改'],9.8,662人评
1913,极道鲜师,14905,365,222168,5540,"['搞笑', '热血', '校园']",9.6,106人评
1920,月咏-MOON PHASE-,26336,459,257241,13816,['奇幻'],9.5,119人评
1921,爱丽丝学园,112138,2366,1597180,69261,"['奇幻', '日常', '少女']",9.8,584人评
1922,舞-HIME,34239,522,219735,8973,"['奇幻', '热血', '魔法']",9.3,212人评
1924,BECK,28629,797,125052,7217,"['音乐', '热血', '日常']",9.7,333人评
1925,爱情泡泡糖,85204,1280,275546,7968,"['日常', '少女']",9.0,291人评
1927,落叶,20130,588,89417,1719,['热血'],9.6,151人评
1928,小魔女蒙娜,56808,1763,504241,14123,['奇幻'],9.7,300人评
1937,双恋,76203,765,245440,9292,"['日常', '校园']",9.1,163人评
1938,双恋 Alternative,48393,663,177503,3015,['日常'],9.6,285人评
1964,京极夏彦 巷说百物语,100269,873,678455,13016,['奇幻'],9.2,187人评
1965,人鱼之森,64573,1331,746854,21493,['奇幻'],9.4,271人评
1967,读或死 TV,29643,482,145180,6026,['科幻'],9.2,204人评
1968,读或死 OVA,9195,196,33740,1001,['科幻'],9.5,102人评
1971,拜托了！双子星,24828,523,179280,6707,"['日常', '少女']",9.3,132人评
1983,真月谭月姬,147925,2138,450461,12656,"['奇幻', '校园', '战斗']",7.7,798人评
1994,铳墓,81107,1423,758275,20634,"['奇幻', '热血', '战斗']",9.5,311人评
1995,百变之星,25614,517,198660,8493,['热血'],9.7,151人评
1996,星空清理者,84814,2213,801151,37857,"['科幻', '催泪', '漫画改']",9.6,748人评
2004,夏娃的时间 剧场版,49471,820,289848,4574,"['科幻', '机战']",9.5,268人评
2012,天使怪盗,55032,952,749536,29714,"['奇幻', '恋爱', '神魔', '少女', '战斗']",9.4,172人评
2019,青出于蓝～缘～,18097,408,251263,940,"['日常', '少女', '治愈', '恋爱']",9.4,112人评
2021,寻找满月,67878,1309,859592,23647,"['催泪', '少女', '治愈', '奇幻', '偶像', '日常']",9.7,306人评
2029,最终兵器彼女,46146,354,415705,19657,"['科幻', '少女']",9.2,207人评
2030,萩萩公主,30536,590,337078,21617,"['奇幻', '少女']",9.7,179人评
2031,铁胆火车侠 第一季,29853,536,411643,12295,"['萌系', '热血']",9.4,118人评
2034,越狱兔 前传,97291,3803,9244356,14060,"['萌系', '搞笑', '泡面']",9.6,458人评
2038,我们这一家 第一期,55050,2236,3232621,504,"['萌系', '搞笑', '日常']",9.8,201人评
2042,天使的小生意气,15612,809,337890,22975,"['奇幻', '日常']",9.6,207人评
2061,人形电脑天使心,362436,6382,826506,42998,"['日常', '少女']",9.7,2473人评
2068,拜托了！老师,78852,1472,714188,24174,"['奇幻', '日常', '原创']",9.0,347人评
2070,推理之绊,64462,383,499578,13682,"['奇幻', '日常', '智斗', '推理']",8.4,124人评
2073,闪灵二人组,44723,790,428862,17180,['热血'],9.6,221人评
2079,翼神传说,32146,640,398724,15216,['热血'],9.3,176人评
2091,热带雨林的爆笑生活,101490,3034,1740376,76069,['搞笑'],9.5,587人评
2092,热带雨林的爆笑生活 DELUXE,21301,921,477948,12222,['搞笑'],9.6,128人评
2093,热带雨林的爆笑生活 FINAL,19249,675,357689,10151,['搞笑'],9.7,134人评
2098,X战记,81474,1102,496955,19260,"['奇幻', '热血', '战斗', '时泪']",9.4,224人评
2102,星之卡比,32363,1413,669246,29860,"['萌系', '奇幻', '搞笑', '治愈']",9.7,195人评
2104,青春草莓蛋,23506,1386,293388,12755,['日常'],9.8,484人评
2137,足球小将 83版,32381,1110,1390183,64438,"['时泪', '运动', '热血']",9.6,153人评
2150,幻影死神,18964,421,250805,3468,"['奇幻', '热血']",9.4,122人评
2151,随风飘的月影兰,16127,666,161443,11304,"['历史', '热血']",9.6,215人评
2170,最后的吸血鬼,52411,841,407787,5514,['热血'],9.4,194人评
2204,超级酷乐猫,67343,2594,1185554,52671,"['萌系', '搞笑', '热血', '奇幻', '战斗']",9.8,357人评
2206,此时此刻的我,20645,418,155492,10236,"['奇幻', '科幻']",8.8,190人评
2224,THE BIG O,10404,403,160275,9660,"['科幻', '热血']",9.7,115人评
2238,麻辣教师GTO,93504,5874,2965443,130624,"['时泪', '搞笑', '日常', '热血', '校园', '励志']",9.8,1281人评
2254,失落的宇宙,25276,1198,435168,23880,"['时泪', '科幻']",9.8,302人评
2270,魔卡少女樱 香港之旅,170416,2405,789063,25088,"['时泪', '萌系', '奇幻', '少女', '少儿', '战斗', '魔法']",9.5,728人评
2271,四驱兄弟（中文）,78868,2703,1653870,36743,"['时泪', '热血']",9.7,327人评
2272,四驱兄弟WGP（中文）,27745,1342,1305145,30811,"['时泪', '热血']",9.4,209人评
2277,少女革命,93635,2729,1086813,86906,"['奇幻', '校园', '少女', '战斗']",9.7,882人评
2290,樱花大战 TV版,47680,814,216890,7237,"['时泪', '科幻', '热血', '机战']",9.5,220人评
2297,钢铁神兵B'T-X,22343,820,852471,12305,"['时泪', '科幻', '热血']",9.6,130人评
2299,乌龙派出所,61086,9593,18437432,183195,"['搞笑', '日常']",9.8,1184人评
2303,浪客剑心,265046,7465,5146522,230037,"['时泪', '热血', '战斗', '历史']",9.7,999人评
2306,玩偶游戏,45210,1197,977293,57956,"['日常', '少儿']",9.7,246人评
2319,鬼神童子ZENKI,37912,935,669090,16485,"['奇幻', '热血']",9.5,113人评
2321,怪盗圣少女,133937,3582,1801175,111417,"['萌系', '少女', '魔法']",9.8,849人评
2325,魔法骑士,42621,881,539935,16857,"['奇幻', '少女', '魔法', '架空', '穿越', '冒险']",9.4,126人评
2327,机动警察,43095,1098,580198,24384,"['科幻', '热血', '机战']",9.7,257人评
2338,幽游白书,164719,5054,4987416,143645,"['时泪', '战斗', '热血', '神魔']",9.8,943人评
2358,蓝宝石之谜,34283,2493,1154734,62679,"['科幻', '热血', '冒险']",9.5,210人评
2390,五星物语,18686,373,125102,930,"['奇幻', '科幻', '热血', '机战', '架空']",9.6,133人评
2416,城市猎人 TV版,74796,3128,2277748,88615,"['搞笑', '热血']",9.7,753人评
2418,橙路,20771,641,340377,23955,"['日常', '少女']",9.5,144人评
2425,棒球英豪 TV版,55245,3907,2297744,174417,"['日常', '少女', '运动', '热血', '社团', '励志']",9.8,931人评
2436,装甲骑兵VOTOMS,12098,476,327861,16418,"['科幻', '热血', '机战']",9.8,126人评
2449,铁臂阿童木 1980,22196,539,346119,16465,"['时泪', '萌系', '科幻', '少儿', '热血']",9.7,129人评
2450,铁臂阿童木 2003,27941,1369,724759,34317,"['时泪', '萌系', '科幻', '少儿', '热血']",9.7,228人评
2454,宇宙战舰大和号 2199,36139,2080,1229904,53205,"['时泪', '科幻', '热血']",9.6,420人评
2459,机动战士高达,97348,3434,2354895,80369,"['科幻', '热血']",9.7,877人评
2464,未来少年柯南,26209,517,809483,16283,"['科幻', '热血', '冒险']",9.5,126人评
2470,鲁邦三世 第二期,56415,1815,1544592,38030,"['时泪', '搞笑', '热血']",9.5,302人评
2480,阿尔卑斯山的少女,51700,792,794360,21043,"['日常', '治愈']",9.7,133人评
2481,ChargeMan研,5459,355,297067,38953,"['搞笑', '科幻', '热血']",9.1,205人评
2493,少女革命 思春期默示录,19939,294,47342,1514,"['奇幻', '战斗']",9.7,264人评
2539,魔法少女小圆,1053197,52806,13354156,700311,"['奇幻', '魔法', '穿越', '原创']",9.8,14161人评
2544,星之声,302328,5151,1825284,17334,"['科幻', '少女', '治愈', '机战']",9.1,588人评
2545,云之彼端，约定的地方,454788,11915,2818870,47515,"['少女', '治愈']",9.0,622人评
2546,言叶之庭,1347068,104171,11455420,444268,"['日常', '少女', '治愈']",9.6,7647人评
2549,哆啦A梦 大雄的恐龙,20331,1020,609019,12504,"['萌系', '奇幻', '科幻', '少儿', '穿越', '冒险']",9.6,118人评
2552,哆啦A梦 大雄的海底鬼岩城,16286,892,521058,16294,"['萌系', '奇幻', '科幻', '少儿', '冒险']",9.5,114人评
2562,哆啦A梦 大雄与梦幻三剑士,13106,696,351639,12802,"['萌系', '奇幻', '科幻', '少儿', '穿越', '冒险']",9.7,100人评
2571,Chaos Dragon 赤龙战役,190717,2787,5126975,229178,"['奇幻', '热血', '战斗', '架空']",4.3,799人评
2572,Charlotte,2521749,211095,78015424,1455218,"['奇幻', '日常', '校园', '战斗', '穿越']",9.3,18643人评
2575,魔法少女☆伊莉雅 2WEI HERZ!,655010,28365,17770866,484773,"['萌系', '奇幻', '校园', '战斗', '热血', '魔法']",9.4,2134人评
2578,赤发白雪姬 第一季,719822,37867,17048278,860456,"['少女', '奇幻', '架空']",9.6,1829人评
2581,黑塔利亚 The World Twinkle 第6期,331180,24839,15082578,393717,"['萌系', '日常', '泡面', '声控']",9.7,1334人评
2582,Classroom☆Crisis,192842,7361,4892476,124947,"['萌系', '奇幻', '科幻', '日常', '校园']",9.3,736人评
2583,空战魔导士候补生的教官,643809,16850,25456482,481825,"['奇幻', '热血']",6.8,1337人评
2586,沒有黃段子的無聊世界（僅限港澳台地區）,785669,69526,47902165,2973994,"['日常', '校园']",9.1,875人评
2587,迷糊餐厅 WORKING!!!,270604,23941,10903390,314754,"['搞笑', '日常', '声控', '美食', '职场']",9.7,1565人评
2588,那就是声优！,220447,13287,6954351,432432,"['萌系', '搞笑', '治愈']",9.1,668人评
2589,青春生存游戏,301260,11584,8402248,581515,"['热血', '校园', '战斗', '少女']",9.1,710人评
2590,若叶女孩,155646,6279,3609397,83054,"['萌系', '日常', '校园', '治愈', '萝莉']",9.5,428人评
2591,噬神者,851153,36693,23315981,428964,"['奇幻', '科幻', '热血', '游戏改']",9.3,2056人评
2592,学园孤岛,777835,41648,19730385,1100394,"['萌系', '日常', '校园', '热血', '社团']",9.4,4898人评
2593,洲崎西 THE ANIMATION,56112,3226,1882735,25772,"['萌系', '搞笑', '日常', '校园']",9.3,235人评
2594,偶像大师 灰姑娘女孩 第2期,104773,5708,2296594,95116,"['音乐', '励志', '偶像', '少女']",9.3,434人评
2595,无头骑士异闻录×2 转,470139,22746,10890240,512439,"['奇幻', '日常', '声控', '小说改']",9.4,1128人评
2597,东京教父,127302,5981,750279,19309,"['日常', '治愈']",9.8,1138人评
2598,新网球王子 OVA 对战Genius10,199720,7437,6520615,314646,"['运动', '热血', '社团']",9.4,632人评
2601,GANGSTA.,606501,28152,15021054,482484,"['战斗', '热血']",9.6,2479人评
2602,和歌子酒 动画,224344,6489,10432694,53599,"['日常', '泡面', '治愈', '美食']",9.6,956人评
2610,枕男子,145629,3251,6803434,280313,"['日常', '乙女']",9.0,193人评
2613,城下町的蒲公英,244233,10904,1862436,70921,"['治愈', '搞笑']",9.6,1816人评
2614,群居姐妹,545854,14701,20018935,94464,"['萌系', '搞笑', '日常', '少女']",9.6,1472人评
2648,虫师 续章 铃之雫,98325,8239,1038208,20932,"['奇幻', '治愈']",9.7,556人评
2654,怪化猫,974787,28789,9170783,287915,"['奇幻', '治愈', '神魔']",9.8,7475人评
2655,CLANNAD 另一个世界 智代篇,129954,8111,673289,11006,"['校园', '治愈', '时泪', '催泪']",9.7,1486人评
2656,绝对防卫利维坦,68310,739,588517,16126,"['萌系', '奇幻', '魔法', '战斗', '游戏改']",9.2,190人评
2659,植木的法则,23989,454,406606,16759,['奇幻'],9.5,128人评
2660,我的妹妹不可能那么可爱 第一季,1580371,90328,24101098,1965341,"['萌系', '校园', '日常', '恋爱', '小说改']",9.2,6090人评
2661,我的妹妹不可能那么可爱 第二季,781257,113353,18888360,3179149,"['日常', '萌系', '校园', '小说改']",9.0,6655人评
2667,我女友与青梅竹马的惨烈修罗场,1416141,93191,27032365,1882485,"['校园', '恋爱']",9.0,6613人评
2668,小马宝莉 第一季,141017,5708,3174365,171785,['萌系'],9.8,1168人评
2669,小马宝莉 第二季,43024,3171,1921288,134036,['萌系'],9.7,506人评
2670,小马宝莉 第三季,37453,2302,1353245,50545,['萌系'],9.7,373人评
2671,小马宝莉 第四季,41259,3053,2129579,119189,['萌系'],9.7,505人评
2673,我的脑内选项正在全力妨碍学园恋爱喜剧,1259941,60598,36342060,1021357,"['搞笑', '校园', '恋爱']",9.4,5025人评
2676,境界线上的地平线,622061,13604,6990262,155577,"['科幻', '战斗', '小说改', '架空']",9.3,1449人评
2677,境界线上的地平线II,239042,7119,3126536,76751,"['战斗', '小说改', '热血', '奇幻', '架空']",9.6,1100人评
2678,轮回的拉格朗日,49434,387,365401,10935,"['科幻', '奇幻', '机战', '社团']",8.7,101人评
2680,男子高中生的日常,1780527,103428,28290121,1349934,"['搞笑', '校园', '日常', '漫画改']",9.8,16761人评
2681,男子高中生的日常 SP,147443,6290,6213851,30390,"['搞笑', '校园', '日常']",9.7,1381人评
2682,萝球社！,219876,6453,2072948,159472,"['校园', '萌系', '运动', '小说改', '萝莉']",9.1,553人评
2683,萝球社！SS,87176,4185,1169252,98253,"['萌系', '校园', '运动', '小说改']",9.3,395人评
2684,偶像大师,158563,5959,1909737,263604,"['校园', '音乐', '催泪', '偶像']",9.8,1379人评
2687,穿越时空的少女,424704,32281,1686393,43614,"['科幻', '催泪', '校园', '穿越']",9.5,3141人评
2688,秒速五厘米,1621666,81685,11374685,458225,"['催泪', '日常']",9.5,6810人评
2702,战斗妖精雪风,49851,1563,468029,9431,"['科幻', '战斗']",9.8,542人评
2708,黑塔利亚 Axis Powers,457584,13981,5754469,495149,"['萌系', '泡面', '声控', '日常', '历史']",9.5,1220人评
2712,黑塔利亚 The Beautiful World 第5期,127047,5139,1964111,175085,"['萌系', '日常', '声控', '泡面', '历史']",9.6,586人评
2717,女神异闻录4,215588,5055,2845236,83930,"['热血', '奇幻', '校园', '战斗', '声控', '神魔']",9.6,919人评
2719,枪与假面舞会,177425,3627,3322192,163318,"['奇幻', '战斗']",7.0,182人评
2720,青年黑杰克,246947,8096,6561870,239673,"['奇幻', '智斗', '职场']",8.8,317人评
2721,骇客娃娃,127476,4368,3078199,76357,"['萌系', '战斗']",9.4,422人评
2722,学战都市Asterisk,1511291,85329,69374029,1121154,"['校园', '奇幻', '战斗', '架空', '冒险']",8.1,2319人评
2724,对魔导学园35试验小队,720115,30366,21684206,519697,"['校园', '奇幻', '战斗']",8.5,1233人评
2726,全部成为F -THE PERFECT INSIDER-,255820,7781,4759618,111856,"['科幻', '智斗', '推理']",9.2,849人评
2729,温泉幼精箱根酱,119903,2412,3320390,33289,"['萌系', '日常', '奇幻']",8.4,117人评
2731,野良神,2024115,116915,27894045,1133877,"['奇幻', '战斗', '漫画改']",9.5,7680人评
2732,野良神 ARAGOTO,1809127,185960,88023716,1917705,"['奇幻', '战斗', '漫画改', '神魔']",9.5,7620人评
2733,不思议美眉,33999,1058,933264,7709,"['萌系', '搞笑', '日常']",9.4,100人评
2740,重装武器,596088,46109,26899730,671270,"['热血', '机战', '科幻', '战斗']",9.2,1804人评
2741,Concrete Revolutio 超人幻想 第一季,301057,12381,6438968,160006,"['热血', '奇幻', '战斗', '魔法', '架空']",9.6,854人评
2743,落第骑士英雄谭,1602470,182407,60159227,1809081,"['校园', '战斗', '架空', '冒险']",9.3,8588人评
2744,小森同学拒绝不了！,204331,4321,6322361,56499,"['校园', '日常', '萌系']",8.9,336人评
2745,彗星路西法,202908,4290,4879662,231270,"['奇幻', '架空', '冒险']",6.9,182人评
2746,Dance with Devils,232932,3676,5004369,349396,"['校园', '乙女']",8.1,201人评
2747,终物语,761286,36775,12850611,265466,"['奇幻', '小说改']",9.6,2179人评
2760,终结的炽天使 名古屋决战篇,1150075,65978,41155196,1489120,"['奇幻', '校园', '战斗']",8.6,2975人评
2762,请问您今天要来点兔子吗？？,883749,81268,15841995,743005,"['萌系', '日常', '美食', '萝莉']",9.7,4091人评
2764,绯弹的亚里亚 AA,459739,14833,11778624,448340,"['热血', '校园', '战斗']",7.9,665人评
2771,我们这一家 新篇,103636,8634,4583396,108690,['日常'],9.7,240人评
2774,牙狼 -红莲之月-,78933,3046,2439095,51566,"['热血', '奇幻', '战斗', '历史']",8.0,137人评
2776,双面骑士,59811,1071,567431,18232,"['智斗', '奇幻']",9.6,244人评
2783,狗与剪刀的正确用法,556458,21487,7083758,329072,"['搞笑', '奇幻']",9.0,2253人评
2791,黑白小姐 第三季,75928,1773,1143610,26161,"['日常', '泡面', '科幻', '偶像']",9.0,103人评
2793,K MISSING KINGS,299136,12336,5146876,176973,"['奇幻', '战斗', '声控']",9.3,932人评
2794,家有穆珂,84387,7598,2940976,107887,"['萌系', '泡面', '日常']",9.5,200人评
2796,不可思议星球的双胞胎公主 Gyu,55615,2056,462263,16200,"['奇幻', '战斗', '少女', '少儿', '魔法']",9.4,201人评
2800,玉响～毕业写真～,34853,2512,545591,8640,"['校园', '日常', '治愈']",9.7,162人评
2804,被狙击的学园,140951,3475,787267,27832,"['催泪', '奇幻', '校园', '日常', '穿越']",8.6,570人评
2820,阳光中的青时雨,126181,2376,536571,10468,"['治愈', '恋爱', '校园']",9.7,371人评
2825,花田少年史,32856,558,90351,3593,"['日常', '治愈', '时泪']",9.8,499人评
2840,米老鼠的黑白动画片生涯,45807,1361,518424,14651,['时泪'],9.5,290人评
2843,Fate/stay night [Unlimited Blade Works] 特典,875310,21818,7482573,109076,"['奇幻', '日常']",9.3,2015人评
2844,境界的彼方 -I'LL BE HERE- 未来篇,413081,41908,4214330,272737,"['日常', '奇幻', '治愈']",9.4,2504人评
2845,女神异闻录3 剧场版 #1 Spring of Birth,148570,3110,1199478,28791,"['科幻', '奇幻', '战斗', '校园']",9.4,306人评
2849,浪漫追星社,13116,162,25569,530,"['治愈', '日常', '社团']",9.4,123人评
2853,翼·年代记 鸟笼国的公主,46885,211,102422,750,"['奇幻', '热血', '架空', '穿越', '冒险']",9.2,145人评
2854,翼·年代记 东京默示录,68691,678,258160,3815,"['热血', '奇幻', '架空', '穿越', '冒险']",9.8,429人评
2855,翼·年代记 春雷记,63322,473,185597,2553,"['热血', '奇幻', '架空', '穿越', '冒险']",9.7,366人评
2857,邻座的怪同学 OAD,73731,2554,889141,14928,"['搞笑', '校园', '少女']",9.5,347人评
2864,魔法科高校的劣等生 简单易懂的魔法科！,191212,1051,4029979,10825,"['校园', '搞笑', '战斗', '日常', '声控']",4.7,817人评
2866,圣诞之吻SS+ SP,71626,1485,1202924,14631,"['校园', '日常', '治愈']",9.7,276人评
2873,变形金刚大电影,17050,1261,505707,13604,"['热血', '机战', '战斗', '时泪']",9.6,214人评
2876,猫眼三姐妹,217271,3851,2322936,77676,"['热血', '少女', '时泪']",9.8,1218人评
2888,心之彼端2,85109,834,727073,17897,['日常'],9.5,119人评
2894,RWBY 第三季,192195,21070,8067057,158633,"['热血', '奇幻', '战斗']",9.4,781人评
2900,彩虹小马 小马国女孩3：友谊大赛,40685,469,279412,3625,['萌系'],9.7,337人评
2907,千子,80617,1045,350171,2965,"['奇幻', '少女']",9.4,260人评
2910,真实之泪,320813,10600,2388698,179616,"['校园', '治愈', '恋爱', '游戏改']",9.3,1976人评
2913,狼雨,33001,956,390344,18422,"['科幻', '时泪']",9.5,201人评
2923,狼的孩子雨和雪,259721,22981,1454313,42245,['治愈'],9.8,4058人评
2932,打工吧！魔王大人,1388052,92415,54149817,778867,"['日常', '小说改', '神魔', '职场', '架空', '穿越']",9.7,10622人评
2941,潜行吧！奈亚子F,155849,4383,2404727,33511,['少女'],9.7,424人评
2954,拽妹黛薇儿 第二季,15394,641,383343,12065,[],9.7,112人评
2980,BLACK CAT,122302,1102,260972,572,"['热血', '奇幻', '战斗']",9.5,474人评
2988,特别的她,103707,3706,633203,9310,"['日常', '治愈', '搞笑']",9.7,1280人评
2990,复活！小猫咪,102457,4914,6215239,40231,"['萌系', '日常', '治愈']",9.4,155人评
2993,绯弹的亚里亚,946427,36653,13883560,759302,"['热血', '奇幻', '校园', '战斗']",8.6,2153人评
2998,英国恋物语艾玛,43857,1003,559480,29039,"['恋爱', '治愈']",9.4,105人评
3008,星际牛仔 天国之扉,73223,5026,845925,16930,"['热血', '科幻', '时泪']",9.8,913人评
3046,莎拉公主,16077,354,185655,13157,"['少女', '日常', '治愈']",9.7,109人评
3054,游戏王 怪兽之决斗,360127,20564,9952616,261216,"['热血', '战斗', '奇幻']",9.8,4324人评
3068,Love Live! School Idol Project,1207791,77174,15944475,1687630,"['校园', '音乐', '偶像', '社团', '励志']",9.6,5793人评
3071,Love Live! School Idol Project（第二季）,622888,82683,20959897,1407271,"['校园', '音乐', '偶像', '社团']",9.7,4574人评
3072,晨曦公主,389101,13430,16959483,381912,"['少女', '奇幻', '架空', '冒险']",9.7,1947人评
3075,GJ部@,59802,6726,640230,29692,"['搞笑', '日常', '校园', '萌系']",9.8,857人评
3097,梦幻之星online2,212941,8292,5601551,131140,"['科幻', '奇幻']",8.3,211人评
3100,石膏男孩,222959,15653,6475565,202540,['搞笑'],8.7,356人评
3101,无头骑士异闻录×2 结,359062,31660,7981979,383452,"['奇幻', '日常', '声控']",9.4,1651人评
3107,赤发白雪姬 第二季,392565,26858,10174109,406583,"['奇幻', '少女', '架空']",9.6,1232人评
3115,黑之宣告,286877,8949,3878268,124905,"['机战', '战斗', '科幻']",7.4,519人评
3116,房东青春期！,387278,18529,13526523,99651,"['萌系', '日常']",9.2,992人评
3119,少女们向荒野进发,363326,15960,7321145,265144,['校园'],7.4,378人评
3120,粗点心战争,834218,54588,20255787,791957,"['日常', '搞笑', '美食']",9.1,2068人评
3129,简单易懂的现代魔法,96330,1003,763260,15216,['奇幻'],8.6,149人评
3135,归宅部活动记录,139503,5513,1402759,57993,['校园'],9.7,902人评
3145,神不在的星期天,305095,9379,2572578,99532,['架空'],9.3,1337人评
3151,异邦人 无皇刃谭,214503,12118,1308802,25386,"['热血', '战斗', '历史']",9.7,2085人评
3156,依巴拉度~时间篇,48843,1162,219690,2803,['治愈'],9.6,112人评
3213,大叔与棉花糖,126122,7189,5099905,47520,"['日常', '泡面', '萌系']",8.9,235人评
3220,隐之王,150141,1033,229448,7144,"['催泪', '奇幻']",9.2,399人评
3224,提亚拉之泪,92135,686,251693,5252,"['奇幻', '战斗', '架空', '冒险']",8.1,178人评
3228,RWBY 第一季【日语】,61922,1515,960099,16278,['奇幻'],9.6,176人评
3230,圣哥传,49018,2051,517400,14827,"['搞笑', '日常']",9.6,311人评
3236,矶部矶兵卫物语,56847,908,536804,3383,['日常'],9.2,146人评
3242,Little Busters!,408367,11983,3458647,144580,"['校园', '日常', '治愈', '励志']",9.7,1703人评
3248,江户盗贼团五叶,157407,3547,859205,38363,"['日常', '历史']",9.7,744人评
3254,东京糖衣巧克力,46963,892,188415,3614,"['少女', '日常', '治愈']",9.4,178人评
3258,四畳半神话大系,221393,8080,1414259,28094,"['日常', '治愈']",9.8,3449人评
3262,湾岸MIDNIGHT,20693,767,509941,20572,['热血'],9.6,162人评
3275,他和她的故事,132353,2793,1644174,64430,"['恋爱', '少女', '日常']",9.5,390人评
3284,银河英雄传说 我的征途是星辰大海,18370,793,445024,7537,"['热血', '科幻', '智斗', '声控', '冒险']",9.5,120人评
3294,魔法学园MA,116054,128,64524,314,"['萌系', '日常']",9.1,148人评
3297,历物语,410587,21695,6155157,83289,"['奇幻', '校园']",9.6,1231人评
3307,革命机Valvrave,184335,5933,3338591,145480,"['机战', '科幻', '战斗', '原创', '架空']",8.4,1235人评
3317,蜂蜜与四叶草,260223,5499,2294067,46723,"['萌系', '恋爱', '少女', '治愈']",9.7,1127人评
3318,蜂蜜与四叶草II,76691,5499,2294099,46723,"['萌系', '恋爱', '少女', '治愈']",9.7,777人评
3332,老虎和兔子,76327,1597,965255,78283,"['热血', '科幻']",9.7,433人评
3346,虫之歌,139286,301,58987,1304,"['奇幻', '战斗']",9.2,277人评
3350,佝偻猫 第一季,78666,2041,740841,15493,"['萌系', '搞笑', '日常', '泡面']",9.6,173人评
3351,佝偻猫 第二季,18720,2041,740844,15493,"['萌系', '搞笑', '日常', '泡面']",9.7,104人评
3360,道子与哈金,71658,1708,552343,24812,"['热血', '战斗']",9.5,381人评
3361,龙之界点,335303,5790,1919624,67998,"['奇幻', '战斗']",8.4,797人评
3363,怪谈餐厅,34373,835,409639,22884,"['奇幻', '校园', '日常']",9.6,148人评
3364,破刃之剑 剧场版,65310,919,756530,24751,"['机战', '科幻', '战斗', '架空']",9.0,217人评
3365,境界的彼方,2398718,102164,23364549,1125823,"['恋爱', '奇幻', '战斗']",9.4,10032人评
3374,魍魉之匣,139674,4770,963704,28982,['智斗'],9.5,370人评
3375,她与她的猫,839875,40711,7228648,68058,['治愈'],9.7,2957人评
3377,薄樱鬼 御伽草子,112249,4479,2552634,30318,"['萌系', '乙女', '泡面']",9.5,166人评
3395,×××HOLiC·笼 徒梦,47701,13564,5366907,307395,['奇幻'],9.7,573人评
3396,×××HOLiC 仲夏夜之梦,75922,2416,902871,25381,['奇幻'],9.7,438人评
3398,冰菓,3169519,218104,43053711,1962221,"['恋爱', '推理', '校园', '日常', '社团']",9.8,29010人评
3414,废弃公主,98720,508,179096,6629,"['奇幻', '架空', '冒险']",9.2,232人评
3419,野良神 OAD,190857,21593,6983683,203339,"['奇幻', '日常']",9.7,1122人评
3420,野良神 ARAGOTO OAD,275298,49370,9831518,297699,"['奇幻', '推理']",9.7,1814人评
3421,干物妹！小埋 OVA,452855,38258,10788843,274723,"['萌系', '校园', '日常', '治愈']",9.4,1372人评
3429,Charlotte SP,210373,22867,6353090,112125,"['奇幻', '校园']",9.7,1863人评
3433,异国迷宫的十字路口,190555,3178,991867,48570,"['萌系', '日常', '治愈']",9.6,647人评
3434,兽之奏者艾琳,21793,256,48573,1940,"['奇幻', '治愈']",9.6,162人评
3436,斩·赤红之瞳！ 爆笑小剧场,216710,9616,4748770,47024,"['小说改', '战斗', '治愈', '架空']",9.4,1117人评
3437,我的青春恋爱物语果然有问题。 第一季 OVA,321169,18180,4722341,95656,"['小说改', '恋爱', '校园']",9.7,2514人评
3439,绯弹的亚里亚 第一季 OVA,102401,36654,13883704,759305,"['萌系', '奇幻', '少女', '战斗']",9.2,283人评
3440,鬼灯的冷彻,1247846,30274,16338845,598870,"['日常', '神魔']",9.6,3437人评
3444,黑子的篮球 第3期 OVA,123164,1981,405201,4910,"['热血', '校园', '社团', '运动']",9.7,538人评
3446,夏目友人帐 OVA,376995,10562,2977247,42112,"['奇幻', '日常', '治愈']",9.7,2005人评
3447,赤发白雪姬 OVA 不值一提的宝物、这一页,74489,1422,733325,14260,"['奇幻', '少女']",9.5,302人评
3448,命运石之门 聪明睿智的认知计算,166999,4179,2276512,19670,['科幻'],9.7,955人评
3450,在下坂本，有何贵干？,4369228,538164,161890320,2701845,"['搞笑', '校园', '日常']",9.1,17392人评
3451,迷家,540449,34916,15627600,757949,['原创'],3.9,7666人评
3452,三者三叶,199130,11878,3354407,141528,"['萌系', '校园', '日常', '治愈']",9.4,611人评
3456,忍者终结者 SE,225739,12812,6392990,160652,"['热血', '奇幻', '战斗']",9.7,2034人评
3459,宇宙巡警露露子,209397,11961,5101183,97119,"['奇幻', '泡面']",9.6,1297人评
3461,Re：从零开始的异世界生活,4545317,767423,181035660,10464988,"['奇幻', '战斗', '励志', '小说改', '架空', '穿越']",9.1,26394人评
3464,学战都市Asterisk 第二季,1013832,79787,48697025,1020378,"['奇幻', '校园', '战斗', '架空', '冒险']",8.4,1788人评
3465,Concrete Revolutio 超人幻想 第二季,157301,10112,2635880,67822,"['热血', '奇幻', '战斗']",9.5,817人评
3466,魔笛MAGI 辛巴达的冒险,347589,13244,8485913,172932,"['奇幻', '战斗', '声控', '漫画改', '架空', '冒险']",9.5,621人评
3467,命运石之门 负荷领域的既视感,305586,38915,3842906,204544,"['科幻', '穿越']",9.8,4497人评
3470,吹响吧！上低音号 第一季 SP 吹奏部的日常,42480,276,642149,1642,"['校园', '社团', '少女']",9.5,255人评
3474,黑塔利亚 Axis Powers 第2期,123395,13981,5754536,495149,"['萌系', '日常', '声控', '泡面', '历史']",9.6,525人评
3475,黑塔利亚 World Series 第4期,103469,7885,3050554,440134,"['萌系', '日常', '声控', '泡面', '历史']",9.6,479人评
3476,魔法少女☆伊莉雅 OVA,113874,3012,1725161,24839,"['萌系', '校园', '少女', '魔法']",9.1,409人评
3477,魔法少女☆伊莉雅 2WEI! OVA,158605,3575,1861288,32873,"['少女', '战斗', '奇幻']",9.1,625人评
3481,我的朋友很少 OAD,167478,2011,2674635,33867,"['小说改', '社团', '少女', '日常']",9.0,300人评
3482,魔弹之王与战姬 SP 堤格尔君与战姬亲,35627,628,824994,3162,"['奇幻', '泡面', '架空']",8.8,137人评
3485,棺姬嘉依卡 OVA,33965,552,304082,6758,"['奇幻', '架空']",9.3,102人评
3486,笨蛋，测验，召唤兽  OVA,173289,11479,3662199,76701,"['搞笑', '校园', '社团', '日常']",9.7,1035人评
3488,加速世界 OVA2 加速的顶点,49042,1741,1096720,32985,"['热血', '机战', '战斗']",9.1,180人评
3489,Infinite Stratos 2,869512,18506,13979124,413263,"['校园', '战斗']",8.0,1296人评
3492,TARI TARI OVA,24465,1197,215962,3199,"['少女', '治愈']",9.6,259人评
3498,Anne Happy,381315,24647,5749102,270472,"['萌系', '校园', '日常']",9.5,1402人评
3499,影鳄 承,148188,7615,4567423,83507,['奇幻'],9.4,319人评
3502,魔女的使命 OVA,109279,1276,1002400,50542,"['校园', '魔法']",9.5,218人评
3505,我们大家的河合庄 SP,33234,564,882507,1064,['日常'],9.5,188人评
3507,未确认进行式 OVA,56574,818,593877,5387,"['萌系', '搞笑']",9.4,128人评
3514,花牌情缘 OAD,26203,727,351846,32380,"['热血', '运动', '少女', '校园', '社团']",9.2,121人评
3516,白色相簿2,645898,29829,6298894,439936,"['恋爱', '音乐', '校园', '偶像', '游戏改']",9.6,6584人评
3521,丹特丽安的书架 OVA 荆姬,18674,1332,363350,14205,"['奇幻', '战斗']",9.7,253人评
3523,晨曦公主 OAD,89991,4390,1936697,27542,"['奇幻', '少女', '架空']",9.8,533人评
3530,超时空要塞Δ,700468,49391,27565541,837356,"['机战', '科幻', '恋爱', '战斗', '原创']",8.8,1703人评
3532,美妙天堂  第三季,55295,4933,3730938,66532,"['偶像', '少儿']",9.4,158人评
3540,番剧茶会,139198,21738,1704582,33218,[],9.0,613人评
3543,青之驱魔师 剧场版,125157,3284,908414,21643,"['热血', '奇幻', '战斗']",9.2,434人评
3551,黑色残骸,211046,12349,7838026,179709,"['机战', '科幻', '战斗']",8.6,410人评
3552,幻想嘉年华 EX Season,124020,3280,2466479,34008,"['奇幻', '日常']",9.3,473人评
3553,幻想嘉年华 Special Season,141364,4326,2622126,50552,"['奇幻', '日常']",9.5,776人评
3564,超时空要塞F 虚空歌姬 前篇,20015,455,251183,4918,"['机战', '战斗']",9.5,131人评
3566,超时空要塞 ZERO,23313,488,318456,7295,"['热血', '科幻', '战斗']",9.6,124人评
3568,翠星之加尔刚蒂亚～遥远的巡回航路～,18220,748,350590,7224,"['机战', '科幻', '奇幻']",9.4,141人评
3571,Little Busters! EX,82024,1908,317136,7802,"['校园', '日常', '治愈', '励志']",9.7,702人评
3582,奇诺之旅 疾病之国 -For You-,12994,3801,1381328,42907,"['奇幻', '架空', '冒险']",9.4,116人评
3589,玻璃之花与崩坏的世界,222270,17385,2408372,43010,"['治愈', '架空']",9.0,655人评
3668,颠倒的帕特玛,143192,7914,1240107,41287,"['科幻', '冒险']",9.7,1403人评
3673,阿茹茉妮,51895,1798,526770,14938,"['奇幻', '治愈']",9.7,389人评
3745,初音岛II S.S.,48241,460,186495,4086,"['日常', '游戏改']",9.5,167人评
3750,校园迷糊大王 二学期,24164,2295,637457,28079,"['搞笑', '日常']",9.6,597人评
3751,校园迷糊大王 三学期,10942,3929,2124908,175242,"['搞笑', '校园']",9.6,181人评
3752,校园迷糊大王 一学期补习,9887,409,111787,1306,"['搞笑', '校园']",9.7,128人评
3756,百变小樱,1093465,70440,27017281,3065660,"['少女', '魔法']",9.8,10418人评
3757,女神异闻录3 剧场版 #2 Midsummer Knight's Dream,41583,3110,1199521,28791,"['科幻', '奇幻', '校园', '战斗']",9.4,166人评
3758,女神异闻录3 剧场版 #3 Falling Down,39203,3110,1199521,28791,"['科幻', '奇幻', '校园', '战斗']",9.5,160人评
3760,我的女神 剧场版,8542,639,118855,3040,"['奇幻', '时泪']",9.7,109人评
3764,今天开始做魔王 第一季,115951,3296,3294576,241691,"['奇幻', '神魔', '架空', '穿越']",9.5,259人评
3766,今天开始做魔王 第三季,29887,3296,3294662,241692,"['奇幻', '神魔']",9.6,125人评
3769,文学少女 今日的点心～初恋～,33319,1606,369731,23205,['校园'],9.2,118人评
3771,Candy☆Boy OVA,12356,4220,1041368,32822,[],9.6,183人评
3781,罪恶王冠 失落的圣诞节 an episode of port town,160847,3509,2920629,42892,"['战斗', '热血', '奇幻']",8.9,454人评
3782,青春之旅 OAD,93001,3392,2345744,53627,"['恋爱', '校园']",9.5,383人评
3783,AIR 剧场版,37907,958,312215,7685,"['奇幻', '日常', '治愈']",8.2,235人评
3784,魔法禁书目录 炭,145232,7788,2292723,39298,"['萌系', '搞笑']",9.0,515人评
3785,DRAMAtical Murder OVA,48153,1647,579440,24408,['奇幻'],9.7,286人评
3786,绝园的暴风雨,508813,20931,6200203,217385,"['奇幻', '推理', '战斗', '穿越', '冒险']",9.6,4607人评
3790,零之使魔～三美姬的轮舞～OVA,123453,1111,1294538,8146,"['奇幻', '战斗', '日常', '架空', '穿越']",9.5,258人评
3795,魔法少女奈叶 The MOVIE 2nd A’s,25186,3269,705711,24455,['魔法'],9.7,321人评
3797,未确认进行式 OAD,43825,818,593878,5387,"['恋爱', '日常']",9.3,159人评
3798,滑头鬼之孙 ～奴良组事始～,78558,1141,830460,9195,['战斗'],9.5,301人评
3803,史上最强弟子兼一 OVA,18360,617,234844,3122,"['战斗', '搞笑', '热血']",9.7,215人评
3807,破刃之剑,79721,1032,410603,8354,"['机战', '战斗', '架空']",8.3,594人评
3808,高智能方程式 DOUBLE ONE,12193,641,669247,11628,"['热血', '科幻']",9.6,142人评
3809,高智能方程式：ZERO,14235,786,801264,17453,"['热血', '运动', '时泪']",9.6,151人评
3810,高智能方程式：SAGA,13711,811,907097,17073,"['科幻', '运动', '时泪']",9.7,235人评
3811,高智能方程式：SIN,15784,1047,837372,15020,"['热血', '运动', '时泪']",9.7,274人评
3813,机巧魔神2,25354,189,72242,896,['机战'],9.2,137人评
3836,人类衰退之后 SP,11535,763,509619,5506,['少女'],9.7,152人评
3837,在盛夏等待 特别篇,28777,628,266010,2135,"['催泪', '恋爱', '科幻']",9.4,174人评
3838,头文字D Legend1 -觉醒-,49730,1287,1212155,22004,"['热血', '运动', '时泪']",9.6,137人评
3842,黑礁 特典小剧场,18448,585,604912,4789,['萌系'],9.6,150人评
3843,强袭魔女 剧场版,41486,845,386487,5269,"['热血', '科幻', '奇幻', '战斗']",9.6,216人评
3850,再见绝望先生 Blu-ray BOX化纪念话,23629,410,120765,1330,"['搞笑', '日常']",9.6,135人评
3851,潜行吧！奈亚子 OVA 温柔地解决敌人的方法,199801,2099,2335883,21202,['少女'],9.5,283人评
3858,魔卡少女樱 知世的影像活跃日记,98799,2648,1382774,21890,"['少女', '魔法']",9.6,587人评
3872,哆啦A梦 大雄的恐龙 2006,12617,499,107228,2250,"['机战', '时泪', '穿越', '冒险']",9.5,108人评
3883,哆啦A梦 大雄的人鱼大海战,18343,796,243621,5968,"['奇幻', '历史', '冒险']",9.6,115人评
3898,哆啦A梦 大雄的秘密道具博物馆,20756,906,371862,6015,"['奇幻', '时泪', '冒险']",9.5,152人评
3900,哆啦A梦 新·大雄与铁人兵团～振翅吧天使们～,18811,913,262625,6021,"['奇幻', '时泪']",9.7,212人评
3901,哆啦A梦 新·大雄的大魔境-贝可与5人探险队-,21113,1140,427205,14144,"['奇幻', '时泪', '冒险']",9.3,155人评
3902,哆啦A梦 大雄的宇宙英雄记,39897,3036,1622718,50868,"['奇幻', '时泪', '冒险']",9.2,233人评
3972,舞-乙HiME,9913,216,124841,4743,"['奇幻', '战斗']",9.5,110人评
3979,田中君总是如此慵懒小剧场,289639,4924,11873072,9582,['日常'],9.4,468人评
3990,飞翔的魔女 小剧场,47874,438,232157,563,['少女'],9.4,170人评
4015,机动警察 和平保卫战,18135,765,306712,5929,"['热血', '机战', '科幻']",9.8,190人评
4016,机动警察 东京毁灭战,22950,695,411906,4833,"['热血', '机战', '科幻']",9.6,136人评
4026,Re：从零开始休息时间,263921,28605,27364031,178013,"['小说改', '架空', '穿越', '冒险']",9.2,767人评
4032,心灵想要大声呼喊,267138,8782,706849,35220,"['校园', '治愈']",9.3,2496人评
4058,巴哈姆特之怒 GENESIS,321909,6942,2961085,85044,"['奇幻', '魔法', '神魔', '架空', '冒险']",9.4,1579人评
4067,寻找失去的未来,255952,3965,1525761,59955,"['校园', '穿越']",9.0,722人评
4070,元气囝仔,243502,9619,1941461,52040,['治愈'],9.8,2917人评
4098,尸者的帝国,121475,7174,1228458,39883,['战斗'],8.8,623人评
4106,为什么猫都叫不来,55740,829,1065213,1725,['萌系'],9.0,214人评
4108,苍穹之法芙娜EXODUS,33087,1257,381599,9114,"['机战', '战斗']",9.7,602人评
4114,少女与战车 剧场版,104229,11504,2066260,109413,['少女'],9.8,2930人评
4124,普通女高中生要做当地偶像,47933,1363,327900,14229,['偶像'],9.6,383人评
4125,普通女高中生要做当地偶像 OVA,8612,462,70976,1788,['偶像'],9.5,101人评
4148,第三飞行少女队,13120,930,209559,9228,"['科幻', '战斗', '架空']",9.5,109人评
4152,尽管如此世界依然美丽,455341,15738,3713415,128937,"['治愈', '少女', '漫画改', '架空']",9.6,2772人评
4155,玉子爱情故事,856482,81307,6021685,198903,"['校园', '少女', '恋爱']",9.8,8820人评
4187,約會大作戰 第二季 （僅限港澳台地區）,465051,4429,820483,67207,"['奇幻', '战斗']",8.6,2007人评
4194,钻石王牌 ～Second Season～,42207,4946,2046786,78542,['运动'],9.7,1045人评
4216,百合熊风暴,67617,2573,427319,20518,['少女'],9.6,959人评
4267,高达Reconguista in G,37573,798,623788,17846,['机战'],8.7,330人评
4268,高达创战者 TRY,51437,2065,2693543,52417,['机战'],8.8,400人评
4294,不才・秋山优花里的战车讲座,24465,1430,1262474,17413,[],9.4,201人评
4300,DEPTH OF FIELD ～ 爱与憎恨的剧场,149079,6703,2756402,50375,"['萌系', '搞笑', '校园']",9.3,472人评
4303,伏 铁炮娘的捕物帐,85084,2737,334902,347,[],9.5,420人评
4309,圣哥传 OAD,18052,795,430121,8241,['日常'],9.6,148人评
4319,魔法少女☆伊莉雅 2wei Herz! SP,101349,2508,2809532,16787,"['萌系', '奇幻', '日常']",9.0,391人评
4333,堀桑与宫村君,58079,1832,422571,5190,['恋爱'],9.7,588人评
4340,中二病也要谈恋爱！,2011987,202785,27319250,2319793,['恋爱'],9.6,10067人评
4341,旋风管家 CAN'T TAKE MY EYES OFF YOU,128354,2488,1004450,24905,['少女'],9.3,331人评
4351,中二病也要谈恋爱！恋 Lite,193788,5422,3099549,34832,"['恋爱', '奇幻', '战斗']",9.5,632人评
4367,魔法战争,305495,4393,3169705,106099,['战斗'],4.4,1999人评
4374,高达创战者,92202,4233,3339167,77997,['机战'],9.6,950人评
4375,钻石王牌,99215,7500,3659642,118446,['运动'],9.6,1409人评
4378,神奇宝贝 起源,72339,2784,2107400,65032,"['战斗', '架空', '冒险']",9.6,441人评
4382,當不成勇者的我，只好認真找工作（僅限港澳台地區）,242347,368,80910,3157,[],8.7,468人评
4388,机巧少女不会受伤,931646,27876,8841349,354294,['战斗'],8.8,2960人评
4398,南家三姐妹 夏日假期,31657,1732,447777,15346,"['萌系', '搞笑', '日常']",9.7,206人评
4400,弹丸论破,615100,21670,9146428,403147,"['推理', '校园']",9.1,2775人评
4404,热血少年,409998,9366,6306146,56168,['战斗'],9.5,1612人评
4440,恋旅～True Tours Nanto～,76192,1196,556241,10785,['恋爱'],9.5,198人评
4446,Code Geass 反叛的鲁路修 娜娜莉梦游仙境,122928,1955,678059,8735,[],9.6,1029人评
4447,小加速世界,27474,800,849082,7295,"['萌系', '搞笑']",9.1,113人评
4455,偶像大师 闪耀祭典,12719,558,170837,4824,"['偶像', '少女']",9.6,141人评
4472,永远之久远,96473,1291,711713,12311,['战斗'],8.7,230人评
4473,蟑螂娘,22281,802,431709,14113,['萌系'],9.2,267人评
4544,给桃子的信,119088,4641,699345,17489,['治愈'],9.4,395人评
4592,海底小纵队 第一季,9581,673,556198,15755,"['萌系', '奇幻']",9.6,131人评
4600,时光钟摆,9679,1500,83135,476,['治愈'],9.7,277人评
4642,祝福的钟声,51805,307,74474,1132,['恋爱'],8.5,119人评
4680,SD高达三国传 Brave Battle Warriors,47100,1673,756060,29003,"['机战', '历史']",9.5,285人评
4686,枪神剧场版,27308,836,273273,3344,['战斗'],9.8,222人评
4720,最终幻想VII：降临之子,109024,2508,305995,4512,"['科幻', '战斗', '架空']",9.7,782人评
4734,鹤屋和熏干酪,20289,394,70167,494,['萌系'],9.5,230人评
4735,小凉宫春日的忧郁,107709,1486,294409,2466,"['萌系', '漫画改']",9.7,586人评
4748,地狱天使,27736,1031,205928,14335,['奇幻'],9.2,102人评
4760,河童之夏,68259,1763,431105,25874,['治愈'],9.5,290人评
4769,剧场版 钢琴之森,93419,1406,559047,18403,['治愈'],9.2,274人评
4779,罗密欧与朱丽叶,71535,470,234515,2847,"['恋爱', '架空']",9.4,185人评
4926,大魔法峠,9297,302,92722,3751,['萌系'],9.7,123人评
4949,灼眼的夏娜炭,65178,1921,797970,32272,['萌系'],9.2,222人评
4953,银发的阿基多,17384,350,107563,3120,['战斗'],8.0,103人评
4970,苍之茧,37243,456,123565,1425,['科幻'],9.3,154人评
4990,天堂之吻,154200,2307,2252622,21257,['恋爱'],9.7,431人评
5017,食戟之灵 贰之皿,1969500,176019,71282553,1680908,"['热血', '美食']",9.3,4318人评
5018,初恋怪兽,644395,16244,10376958,784426,"['校园', '日常']",7.2,641人评
5020,Rewrite,1223608,76965,29399925,1010506,"['奇幻', '校园', '穿越']",8.4,2071人评
5021,亚尔斯兰战记 风尘乱舞,319379,10860,4574180,156404,"['热血', '战斗', '架空', '冒险']",9.0,495人评
5022,热诚传说X,1152338,56715,26645559,751570,"['热血', '奇幻', '战斗', '架空', '冒险']",8.1,1178人评
5025,智龙迷城X,69564,5447,4178781,87028,['热血'],8.2,165人评
5027,NEW GAME!,1024331,66779,18988893,794912,"['萌系', '日常']",9.5,3365人评
5029,天真与闪电,711207,38016,12379884,421984,"['日常', '治愈', '萌系']",9.5,1612人评
5031,Taboo Tattoo－禁忌咒纹－,719725,16397,13009468,299193,"['奇幻', '战斗']",4.0,1157人评
5033,男子高校生活,605458,17720,16120029,216725,"['校园', '日常', '泡面']",9.1,900人评
5038,月歌,410754,23545,8038741,510170,"['乙女', '音乐', '偶像']",9.6,1297人评
5039,OZMAFIA!!,167285,2402,2798403,29393,"['萌系', '日常', '泡面']",8.9,148人评
5041,Regalia 三圣星,260026,10972,3599988,114333,"['机战', '战斗', '架空']",8.5,280人评
5043,这个美术社大有问题！,1098162,103172,24028926,1006689,"['校园', '日常']",9.6,5990人评
5051,星之梦～星之人～,125711,18650,979813,61207,['催泪'],9.7,1879人评
5052,心靈代碼 QUALIDEA CODE（僅限港澳台地區）,127455,709,391427,10015,"['奇幻', '战斗']",8.4,234人评
5053,Ange Vierge,339086,5908,4093027,138845,"['奇幻', '战斗']",8.0,282人评
5056,弹丸论破3 -未来篇-,974104,37167,20359644,664747,"['热血', '智斗', '推理']",7.5,1649人评
5057,弹丸论破3 -绝望篇-,774068,37493,20108502,625120,"['热血', '校园', '智斗']",8.0,2270人评
5058,路人超能100(灵能百分百),2320019,159004,73811641,1160667,"['热血', '奇幻', '战斗']",9.7,14320人评
5059,棒球伙伴,49173,1885,801060,26125,"['运动', '治愈']",9.0,164人评
5062,Love Live! Sunshine!!,962463,54319,13698832,1052630,"['音乐', '偶像']",8.8,2350人评
5063,DAYS,193052,12433,7186698,224333,"['热血', '校园', '运动']",8.3,326人评
5066,屁屁吾郎,139236,4795,5826419,93097,"['日常', '泡面']",8.7,327人评
5069,齐木楠雄的灾难,1568437,159421,81577081,1152410,"['校园', '搞笑', '日常', '漫画改']",9.7,11520人评
5070,齐木楠雄的灾难（日播&精选版）,1356809,263649,189687020,1233724,"['奇幻', '校园', '泡面', '漫画改']",9.6,5623人评
5076,加速世界 Infinite Burst,199992,10612,3137059,127471,"['小说改', '恋爱', '战斗', '励志']",8.9,524人评
5118,吸血鬼骑士 Guilty,139135,6154,5552964,238650,"['恋爱', '乙女', '少女']",9.1,467人评
5125,温暖的印记,430374,18154,8479302,37275,['恋爱'],9.8,2903人评
5126,头文字D Legend3 -梦现-,26042,1105,1025221,13547,[],9.3,110人评
5127,我的妹妹小桃子,7360,416,75779,1648,"['校园', '励志']",9.7,115人评
5137,蒸汽男孩,48366,1651,270155,5440,[],9.3,328人评
5158,侦探学园Q,19475,235,99829,2579,['推理'],9.5,169人评
5177,魁!!库洛马迪高校,8593,379,175969,7218,['搞笑'],9.7,106人评
5239,剧场版「High☆Speed! -Free! Starting Days-」,165043,15543,1858192,158188,"['校园', '运动']",9.7,898人评
5255,喜剧,16567,502,83208,807,[],9.5,153人评
5281,网球王子,266308,17736,11527628,530141,"['校园', '运动', '奇幻']",9.7,1613人评
5297,千年女优,119924,3376,774695,23204,[],9.8,1279人评
5311,大都会,36000,1139,201471,3597,['科幻'],9.5,224人评
5351,吸血鬼猎人D,92947,2843,904438,11664,['奇幻'],9.8,730人评
5383,星际牛仔 SP,86472,19547,4675982,109914,"['热血', '战斗']",9.7,426人评
5391,降世神通：最后的气宗 第一季,55127,1862,849624,21832,"['奇幻', '战斗']",9.7,521人评
5407,Da!Da!Da!,20992,1157,673712,17305,"['少女', '时泪']",9.6,133人评
5424,无头骑士异闻录×2 结 DuFuFuFu!!,66688,797,550157,24271,"['奇幻', '日常', '小说改', '声控']",9.6,439人评
5437,兔丸,48233,1056,503268,6000,['萌系'],9.7,143人评
5448,托尔与洛基：血亲,14869,21,144321,232,['奇幻'],9.5,149人评
5454,最终幻想15 兄弟情,86749,2026,1694051,15360,"['奇幻', '游戏改', '架空', '冒险']",9.6,322人评
5456,剧场版 快要坏掉的八音盒,89457,9266,1286862,34462,"['催泪', '治愈']",9.5,531人评
5467,闪电十一人 第二季 日语 ,8129,436,399010,32144,"['热血', '运动', '少儿']",9.7,106人评
5468,闪电十一人 第三季 日语,11345,622,551061,38727,"['热血', '运动', '少儿']",9.8,153人评
5482,女神异闻录5 -THE DAY BREAKERS-,188153,3864,1976644,21334,"['热血', '科幻', '奇幻', '校园']",9.6,1224人评
5485,当女孩遇到熊 SP,37878,477,285893,2614,"['日常', '治愈']",8.7,159人评
5489,阿基拉,78690,2744,594867,13629,['科幻'],9.6,875人评
5498,JOKER GAME SP,19539,684,171464,995,['推理'],9.5,118人评
5499,乌龙派出所特别篇2016：THE FINAL 两津勘吉最后的一天,7620,922,250056,4117,['搞笑'],9.8,117人评
5500,女神异闻录3 剧场版 #4 Winter of Rebirth,62291,3110,1199519,28791,['游戏改'],9.7,439人评
5504,喵阿楞,62221,4314,1384832,15060,"['萌系', '泡面']",9.4,100人评
5506,魔法少女育成计划,431642,21474,7874331,382515,['魔法'],8.0,1762人评
5507,WWW.迷糊餐厅,455871,37455,10359661,200036,"['搞笑', '日常', '职场', '漫画改']",9.3,1462人评
5512,梦之祭,148665,2802,3185571,89475,"['偶像', '原创']",9.2,100人评
5513,终末的伊泽塔,384488,23699,5890307,226162,"['战斗', '魔法', '原创', '架空']",9.2,1303人评
5516,编舟记,200117,14894,2172758,41042,"['励志', '职场', '小说改']",9.7,1293人评
5518,骑行少女,79527,5111,1304673,65696,"['漫画改', '校园', '社团', '运动']",9.3,251人评
5520,SHOW BY ROCK!! 第二季,136661,5361,2764604,41802,"['游戏改', '搞笑', '音乐', '穿越']",9.0,199人评
5521,Classica Loid,119839,5404,2052127,65287,"['搞笑', '原创', '音乐', '机战']",9.5,371人评
5522,超心动！艺术之星,176313,5537,3844243,101153,"['乙女', '音乐']",9.0,213人评
5523,3月的狮子,831675,70486,15241513,306531,"['漫画改', '恋爱', '日常', '励志', '治愈']",9.8,5350人评
5525,乌冬面之国的金色毛球,452959,22857,7155597,157367,"['漫画改', '日常', '治愈']",9.5,972人评
5532,少女编号,598886,43655,9280479,338641,"['搞笑', '励志', '原创', '职场']",9.0,2196人评
5534,我太受欢迎了该怎么办,1048698,56188,25667438,1069201,"['乙女', '漫画改', '校园']",8.9,2044人评
5537,伯纳德小姐说。,127027,3734,1793844,7812,"['漫画改', '日常', '泡面']",9.1,253人评
5539,灼热乒乓妹,76525,7149,1708373,80951,"['漫画改', '校园', '社团', '运动']",9.2,194人评
5540,斯特拉的魔法,141744,11882,1921498,67349,"['萌系', '校园', '社团']",9.2,511人评
5542,TRICKSTER,548211,18642,10010813,194775,['推理'],7.8,560人评
5543,学园Handsome,192101,8231,4806017,83446,"['搞笑', '校园', '游戏改', '泡面']",9.3,1541人评
5545,怪盗Joker 第四季,35287,2408,1285497,36441,"['漫画改', '推理']",9.7,214人评
5549,忍者少女千鸟,167042,12006,7023505,25275,"['漫画改', '搞笑', '泡面']",9.3,322人评
5550,夏目友人帐 伍,2267213,245863,42675044,1467316,"['治愈', '催泪', '神魔', '漫画改']",9.6,4467人评
5551,吹響！上低音號 第二季（僅限台灣地區）,116077,4544,579395,24257,"['音乐', '校园', '恋爱', '社团']",9.6,1181人评
5556,奇异太郎少年的妖怪绘日记,533733,17075,12499791,55463,"['漫画改', '神魔', '泡面']",9.6,1810人评
5560,魔法少女什么的已经够了啦。第二季,108627,5692,1951877,13973,"['萌系', '魔法', '日常', '泡面', '漫画改']",8.8,203人评
5562,无畏魔女,235568,8267,3222724,75843,"['战斗', '机战', '原创']",8.4,247人评
5567,悠哉日常大王 Repeat OAD,283198,7492,1973153,16306,"['少女', '日常']",9.7,1358人评
5574,光晕：传奇,21064,1327,581017,11454,['科幻'],9.4,133人评
5576,喜欢上你的那个瞬间。～告白实行委员会～,264901,9330,2508846,66365,"['恋爱', '校园', '声控']",9.6,1032人评
5582,天使之卵,47687,1432,366377,7465,[],9.4,188人评
5584,OVERLORD OAD,132734,10742,8260010,22683,"['热血', '奇幻', '魔法', '架空', '穿越', '冒险']",9.4,1448人评
5615,海獭波乐（暖暖日记）,28674,1385,580946,7844,['少儿'],9.6,134人评
5621,斩首循环 蓝色学者与戏言跟班,199775,12207,2133753,23757,"['小说改', '推理']",9.4,1870人评
5622,我的青春恋爱物语果然有问题 续 OVA,305104,35193,4988979,121901,[],9.7,3973人评
5636,RWBY 第四季,173632,23290,6218270,121714,"['奇幻', '战斗']",9.3,785人评
5692,精灵宝可梦XY&Z,112122,6847,5492906,180585,"['热血', '奇幻', '架空', '冒险']",8.3,774人评
5695,亚尔斯兰战记 OAD,16843,381,270427,3962,"['热血', '战斗']",9.3,114人评
5707,精灵宝可梦 日月,656130,151564,90893080,1596754,"['治愈', '游戏改', '架空', '冒险']",9.5,6927人评
5755,无印：水都的守护神拉帝亚斯和拉帝欧斯,18126,880,454075,7321,"['架空', '冒险']",9.7,152人评
5758,无印：超梦的逆袭,51337,1550,921298,18247,[],9.4,147人评
5762,精灵宝可梦 XY,207778,13006,9443880,381470,"['热血', '战斗', '励志']",9.0,934人评
5765,偶像大师,21737,636,250267,5410,"['偶像', '励志']",9.6,191人评
5769,锁链战记 赫克瑟塔斯之光,230319,5449,1756831,65842,"['奇幻', '战斗', '游戏改', '架空']",7.7,114人评
5776,URARA迷路帖,1132738,69398,15367725,636397,"['漫画改', '日常', '架空']",9.4,2870人评
5784,锁链战记 赫克瑟塔斯之光,232093,5237,3972180,56674,"['游戏改', '架空']",7.2,210人评
5786,猫咪日常,704007,29445,16733494,95177,"['漫画改', '萌系', '日常', '泡面']",9.6,3377人评
5787,偶像选举,133535,3069,2292773,48054,"['偶像', '音乐', '日常']",7.9,117人评
5788,小魔女学园 TV版,681131,72078,19428616,663937,"['原创', '冒险']",9.6,7514人评
5789,热诚传说 第二季,543782,28967,10562228,230414,"['游戏改', '奇幻', '战斗', '架空', '冒险']",8.0,964人评
5792,鬼平,112140,6423,1989016,17016,"['推理', '历史']",9.5,378人评
5793,珈百璃的堕落,2008633,164550,48904444,1517666,"['日常', '漫画改', '神魔']",9.5,9284人评
5794,飙速宅男 新世代,132370,9041,4393614,63544,"['热血', '运动', '漫画改']",9.1,235人评
5796,兽娘动物园,370414,22130,6778984,256369,"['萌系', '日常', '架空']",9.7,5966人评
5797,Hand Shakers,1010417,36799,15635489,467656,"['战斗', '热血', '萝莉', '原创']",7.9,2153人评
5798,One Room,938798,35915,16415093,372432,"['泡面', '日常']",9.4,2780人评
5802,CHAOS;CHILD,412073,14353,6717441,124774,['推理'],7.9,1139人评
5806,Rewrite 2nd Season,864507,46342,13285490,338734,"['校园', '社团', '战斗', '游戏改']",9.0,2414人评
5809,黑白来看守所 第二季,540470,22476,11463151,278010,"['搞笑', '漫画改']",9.0,960人评
5832,暗芝居 第四季,255662,6245,9549787,141560,['泡面'],7.8,316人评
5859,妖狐×仆SS SP,140006,5578,2000203,56237,['恋爱'],9.7,756人评
5869,越狱兔 第2季,23708,8160,3357036,69105,"['萌系', '搞笑', '泡面']",9.5,193人评
5870,越狱兔 第3季,22150,8160,3357039,69105,"['萌系', '搞笑', '泡面']",9.6,190人评
5906,超级弹丸论破2.5 狛枝凪斗与世界的破坏者,158051,3506,1334549,30484,['推理'],9.5,700人评
5909,神明之记,21859,1070,743003,2329,['泡面'],9.7,196人评
5914,幼女战记 短篇,164622,5087,4942241,6907,"['泡面', '架空']",9.5,650人评
5930,吹響！上低音號 ​~歡迎來到北宇治高校吹奏樂部~（僅限台灣地區）,21801,286,32045,583,"['恋爱', '音乐', '校园']",9.6,197人评
5938,黑子的篮球 Winter Cup总集篇,78323,2404,2579781,27835,"['热血', '运动']",9.4,220人评
5939,热诚传说～导师的黎明～,41585,696,573098,2698,"['奇幻', '架空', '冒险']",9.0,114人评
5947,勿忘蛛,102503,4176,796123,13302,['少女'],9.1,732人评
5951,笑面推销员NEW,221839,8571,4236407,148113,['漫画改'],8.5,618人评
5956,不要输！！恶之军团！,26614,2295,476446,6925,"['搞笑', '泡面']",9.6,212人评
5963,美妙天堂 偶像时间,60208,3465,2844190,55507,"['偶像', '原创']",8.0,274人评
5966,偶像大师灰姑娘剧场,68758,3612,1960071,6459,"['偶像', '泡面']",9.4,182人评
5968,巴哈姆特之怒 VIRGIN SOUL,257921,21621,8418394,227099,"['奇幻', '战斗', '魔法', '架空', '冒险']",7.3,3165人评
5973,高校星歌剧 第二季,112894,6076,2684205,92625,"['音乐', '校园', '原创', '偶像', '声控']",9.4,531人评
5977,夏目友人帐 陆,1778342,214664,34619744,1170215,"['催泪', '奇幻', '日常', '治愈']",9.8,7545人评
5981,覆面系 NOISE,343095,9627,5063929,181442,"['恋爱', '音乐', '少女', '漫画改']",8.4,526人评
5989,月色真美,2170761,657354,39252930,2526151,"['恋爱', '校园', '原创', '治愈', '催泪']",9.8,21053人评
5990,王室教师海涅,706029,33048,11552349,455127,"['搞笑', '漫画改']",9.1,1444人评
5991,青春歌舞伎,160842,2774,1576006,37834,"['校园', '社团', '励志']",8.9,173人评
5994,机甲少女 FRAME ARMS GIRL,384494,10795,4730651,183628,"['机战', '科幻', '原创']",9.0,446人评
5997,埃罗芒阿老师,5017344,575002,130750635,6898164,"['小说改', '搞笑', '恋爱']",9.0,31068人评
5998,Re：创造主,2859629,201378,69821777,2299740,"['科幻', '奇幻', '原创', '穿越']",8.5,17639人评
5999,ID-0,119068,5993,1725336,26095,"['科幻', '原创']",9.0,341人评
6000,时钟机关之星,1033042,41765,19854512,408895,"['小说改', '科幻', '架空']",7.9,1997人评
6001,从零开始的魔法书,1822860,91196,37307503,940442,"['小说改', '奇幻', '魔法', '架空', '冒险']",8.7,4696人评
6006,机动战士高达 雷霆宙域战线 第一季,103032,2520,2306383,17909,['机战'],9.6,608人评
6007,机动战士高达 雷霆宙域战线 第二季,139871,3747,2671693,37174,['机战'],9.3,522人评
6008,梦王国与沉睡的100王子 短篇动画,175352,2407,1944448,59562,"['声控', '泡面']",8.7,309人评
6009,哆啦A梦,609224,56091,21287015,465938,"['奇幻', '日常', '时泪']",9.8,6635人评
6036,田中君总是如此慵懒 特典,165648,3360,2505442,10955,"['搞笑', '治愈']",9.7,456人评
6041,暖暖日记 2nd,17726,2789,604105,6428,"['少儿', '泡面']",9.5,182人评
6042,珈百璃的堕落 SP,168061,15977,3052044,66380,"['校园', '日常', '漫画改']",9.7,1555人评
6049,斯特拉的魔法 OVA,8851,694,96284,1189,"['校园', '日常']",9.5,100人评
6051,RWBY 第二季【日语】,17686,751,298137,6134,"['奇幻', '战斗']",9.6,124人评
6070,变形少女,48356,824,628479,3284,['机战'],8.9,512人评
6071,Under The Dog,56374,1618,356947,2592,['战斗'],9.2,351人评
6075,结城友奈是勇者 -鹫尾须美之章-,82357,4158,778582,13922,"['少女', '魔法']",9.6,669人评
6077,青之驱魔师 OAD,44148,240,521343,2135,"['奇幻', '战斗']",9.2,168人评
6082,我的英雄学院 OAD,488111,24166,12925807,174033,"['热血', '战斗']",9.6,4352人评
6085,RWBY 第三季【日语】,15749,474,202230,4683,"['热血', '奇幻', '战斗']",9.3,101人评
6158,NEW GAME! OVA,81157,4495,806250,30988,['职场'],9.5,596人评
6161,精灵宝可梦 超世代,97099,5266,3303802,186636,"['热血', '战斗', '励志', '架空', '冒险']",9.6,573人评
6162,精灵宝可梦 钻石&珍珠,82265,3965,3890319,164614,"['热血', '战斗', '励志', '游戏改', '架空', '冒险']",9.6,540人评
6164,精灵宝可梦 超级愿望,64983,2181,1780463,82703,"['热血', '战斗', '励志', '架空', '冒险']",7.7,318人评
6179,变形金刚：领袖之证 中文第一季,20048,1218,738858,26402,"['热血', '科幻']",9.7,175人评
6180,变形金刚：领袖之证 中文第二季,9588,819,511426,23653,"['热血', '科幻']",9.7,118人评
6181,变形金刚：领袖之证 中文第三季,13972,1086,670866,24474,"['热血', '科幻']",9.8,174人评
6183,Dimension W~维度战记~ OVA,78215,625,412370,1050,"['科幻', '战斗']",9.6,265人评
6243,魔法科高校的劣等生（僅限港澳台地區）,89633,678,345269,18,"['小说改', '热血', '战斗']",6.7,520人评
6260,蜡笔小新 第一季（中文）,390394,32818,28293047,488228,['搞笑'],9.8,3312人评
6262,蜡笔小新 第二季（中文）,283636,37257,38679788,685936,['搞笑'],9.8,3765人评
6268,蜡笔小新 第五季（中文）,121311,15201,10856058,165894,['搞笑'],9.7,902人评
6295,蜡笔小新 第六季（中文）,295611,26860,21067477,290276,['搞笑'],9.8,2448人评
6298,拽妹黛薇儿 第五季,7221,1614,227580,6470,[],9.7,121人评
6302,活撃/刀剣乱舞（僅限港澳台地區）,189476,2117,663095,29247,"['战斗', '神魔', '游戏改']",8.9,496人评
6304,骑士&魔法,1555269,77236,54327758,925282,"['小说改', '机战', '奇幻', '魔法', '架空', '穿越']",8.4,6006人评
6308,妖怪公寓的幽雅日常,674343,35695,18184421,494487,"['日常', '神魔']",9.1,3420人评
6310,异世界食堂,1594054,65359,34068588,905110,"['小说改', '奇幻', '美食', '架空', '穿越']",9.2,5730人评
6312,徒然喜欢你,3558734,431229,82208552,2133541,"['恋爱', '校园', '漫画改', '搞笑', '日常', '声控']",9.6,22235人评
6320,将国之天鹰星,189557,8115,3657341,65309,"['战斗', '漫画改', '架空']",9.1,1179人评
6326,人马少女的烦恼,386633,18180,6849184,216929,"['奇幻', '日常', '漫画改']",9.0,1796人评
6328,天使的 three pieces!,1004626,95773,18145410,1128321,"['小说改', '音乐', '萝莉']",8.6,2710人评
6330,NEW GAME!!,800434,61268,12003263,556815,"['职场', '漫画改']",9.5,7160人评
6337,网球并不可笑嘛 第九季,34795,2084,976631,2497,['搞笑'],9.3,314人评
6340,GAMERS电玩咖！,1047844,95949,24961788,958221,"['小说改', '校园', '社团']",9.0,11835人评
6341,地狱少女 宵伽,1510383,41737,22649585,567383,"['治愈', '神魔']",9.2,3605人评
6345,终物语 下,496861,21276,3368470,91140,"['奇幻', '神魔']",9.8,4865人评
6346,暗芝居 第五季,208494,5912,7482783,99999,['泡面'],8.5,737人评
6349,野良与皇女与流浪猫之心,163582,4549,3027769,9565,['游戏改'],8.9,656人评
6369,猎人 剧场版 最后的任务,43900,1824,832105,26377,"['热血', '原创']",7.2,195人评
6398,BanG Dream! OVA,25435,1254,315457,5509,"['音乐', '校园', '社团', '日常', '励志']",9.1,222人评
6414,UQ HOLDER！悠久持有者 OAD,183666,3856,2690161,20281,"['热血', '战斗', '漫画改']",9.1,441人评
6420,十二大战,1215217,46822,32798239,516016,"['小说改', '热血', '战斗']",7.7,11529人评
6421,阿松 第二季,438790,25090,8939908,355542,['日常'],9.5,6653人评
6424,偶像大师灰姑娘剧场 第二季,46867,3770,1121203,4474,"['音乐', '偶像', '原创']",9.4,416人评
6425,此花亭奇谭,1425484,110459,17854281,532791,"['萌系', '漫画改', '日常', '治愈', '架空']",9.8,20768人评
6427,Just Because!,1223516,95698,18451422,581443,"['恋爱', '原创', '校园']",9.5,18310人评
6430,Dies irae 神怒之日（僅限港澳台地區）,134063,666,306659,4022,"['恋爱', '游戏改']",7.2,352人评
6432,属性咖啡厅,1397740,100066,25693509,850171,"['萌系', '少女', '日常', '漫画改']",9.5,14866人评
6433,Love Live! Sunshine!! 第二季,344784,28114,4791040,245321,"['音乐', '校园', '偶像', '社团', '原创']",9.3,4677人评
6434,宝石之国,2529403,154320,50236823,1257992,"['战斗', '漫画改', '架空', '励志', '催泪']",9.8,47670人评
6435,Code:Realize ～创世的姬君～,391634,8015,5492934,76216,"['恋爱', '乙女', '游戏改', '奇幻', '架空', '冒险']",9.0,1286人评
6438,魔法使的新娘（僅限台灣地區）,242053,5493,955579,23880,"['恋爱', '奇幻', '魔法', '漫画改']",9.5,2993人评
6439,幻界战线 & BEYOND,1369472,93421,26523312,348746,"['奇幻', '战斗', '漫画改']",9.8,25459人评
6440,如果能写小说就好了,2461624,167835,46298362,1240035,"['小说改', '恋爱']",9.2,22143人评
6441,动画同好会,320074,13769,3766894,158685,"['校园', '社团', '原创', '搞笑', '日常']",8.5,2171人评
6442,"Wake Up, Girls! 新章",101616,2628,756798,8227,"['音乐', '偶像', '社团', '原创']",8.0,369人评
6445,3月的狮子 第二季,419873,74357,8744152,203180,"['日常', '励志', '漫画改']",9.8,12592人评
6446,干物妹！小埋R,3911659,452858,102659185,3190601,"['萌系', '搞笑', '日常', '漫画改']",9.4,29521人评
6447,鬼灯的冷彻 第二季,1284588,53659,31110545,546724,"['搞笑', '日常', '神魔', '漫画改']",9.7,11355人评
6448,结城友奈是勇者 鹫尾须美之章&勇者之章,255774,15346,3125690,64261,"['少女', '魔法', '原创', '冒险']",9.6,3135人评
6449,战刻夜想曲,243650,4221,3472499,77290,"['乙女', '游戏改', '穿越']",8.2,872人评
6454,Classica Loid 第二季,43707,2659,861377,24267,['原创'],8.7,514人评
6463,少女终末旅行,1796169,229203,25891281,895468,"['奇幻', '漫画改', '冒险']",9.8,51387人评
6468,牙狼 -VANISHING LINE-,119904,7807,3326188,46118,"['科幻', '原创']",9.7,2090人评
6470,无论何时我们的恋情都是10厘米。～告白实行委员会～,1093016,49862,9310230,203001,"['恋爱', '音乐', '原创', '校园', '声控']",9.6,7726人评
6474,URAHARA,263288,4006,2021329,30518,"['萌系', '奇幻', '治愈']",8.2,1010人评
6477,时间飞船24 逆袭的三恶人,16733,898,356511,4437,[],9.1,106人评
6480,XY：光轮的超魔神胡帕,26098,1332,891565,23964,[],9.0,145人评
6692,IDOLiSH7-偶像星愿-,267408,20316,5207128,142437,"['音乐', '偶像', '游戏改']",9.8,3840人评
7452,我的英雄学院 第一季,2825273,162315,57177734,1609266,"['热血', '战斗', '架空']",9.6,27700人评
7752,春宵苦短，少女前进吧,295191,16513,1879506,39694,"['恋爱', '奇幻']",9.7,6379人评
7952,群居姐妹 OVA,26388,1976,1009517,4294,"['日常', '泡面', '漫画改']",9.7,414人评
8232,美男高校地球防卫部LOVE！LOVE！LOVE！,12317,347,83565,3142,"['校园', '战斗']",9.3,122人评
8292,我们仍未知道那天所看见的花的名字。 剧场版,396165,56966,3630925,131392,"['催泪', '治愈']",9.7,2877人评
8332,火球 幽默之章,7124,405,106199,358,"['科幻', '泡面']",9.5,146人评
8512,夏目友人帐 第五季 特别篇,270071,11746,2970711,33029,"['奇幻', '日常', '治愈']",9.7,1563人评
8672,来自风平浪静的明天,760694,40834,4752938,380623,"['奇幻', '治愈', '催泪', '恋爱']",9.7,11600人评
8692,黄金拼图 Pretty Days,22926,2551,166242,3608,"['萌系', '日常', '治愈']",9.6,408人评
8712,剧场版 笑傲昙天(外传) 「前篇」,55003,1500,551276,4923,['奇幻'],9.7,350人评
8772,Fate/EXTRA Last Encore,2389199,126228,36069890,794405,"['奇幻', '战斗', '游戏改']",8.8,35273人评
8792,OVERLORDⅡ,3954400,635263,193861261,2922407,"['小说改', '奇幻', '战斗', '魔法', '架空', '穿越']",9.6,58505人评
8812,齐木楠雄的灾难 第二季,1826606,196412,59625548,922845,"['搞笑', '校园', '漫画改']",9.8,26893人评
8892,紫罗兰永恒花园,4630254,798345,72519663,2317711,"['小说改', '奇幻', '治愈', '架空']",9.7,127382人评
8932,龙王的工作！,2440105,196856,57625320,2211878,"['小说改', '职场']",9.0,19265人评
9032,宅饮,305558,11558,4490851,53453,"['日常', '美食', '漫画改']",9.2,1280人评
9052,粗点心战争2,623258,22937,7782529,98122,"['日常', '美食', '漫画改']",9.1,3103人评
9132,三丽鸥男子,166816,3139,1962139,62976,['原创'],8.7,695人评
9152,Slow Start,559003,50334,7134888,271002,"['萌系', '漫画改', '少女']",9.6,4613人评
9192,DARLING in the FRANXX（僅限港澳台地區）,801625,37291,4592789,224191,"['科幻', '原创', '架空']",8.7,15091人评
10192,中二病也要谈恋爱！Lite,101635,8192,1818530,35121,"['小说改', '恋爱', '校园']",9.5,633人评
10212,中二病也要谈恋爱！恋 SP,110285,8283,3578179,26610,"['小说改', '恋爱', '校园']",9.5,467人评
10292,DOG DAYS',98398,2578,949469,27329,"['少女', '战斗', '热血', '声控', '奇幻', '日常', '架空', '穿越']",9.4,312人评
10332,EVA 新世纪福音战士新剧场版1.11：序,224046,12422,3012084,49076,"['科幻', '机战', '战斗']",9.7,1383人评
10352,EVA 新世纪福音战士新剧场版2.22：破,153670,9291,2613729,67538,"['原创', '科幻', '机战', '战斗']",9.7,1571人评
10372,EVA 新世纪福音战士新剧场版3.33：Q,169367,8844,2577071,53708,"['机战', '科幻', '战斗']",9.2,1827人评
10412,少女与战车 OVA 这次是真正的安齐奥战,41821,2213,720205,15022,"['校园', '少女', '战斗', '治愈']",9.8,457人评
10432,山田君与7人魔女 OAD,113359,3031,1318602,16303,['奇幻'],9.6,607人评
10472,蜡笔小新之布里布里王国的秘密宝藏,19257,1340,528688,7298,"['搞笑', '时泪', '冒险']",9.6,149人评
10492,蜡笔小新 森林里的暴风雨,20291,1898,714018,19963,"['萌系', '少儿', '冒险']",9.7,200人评
10532,蜡笔小新 呐喊!春日部野生王国,20281,1377,670512,18803,"['萌系', '搞笑', '少儿']",9.6,159人评
10732,月色真美 SP,66883,6248,1275484,16581,"['恋爱', '校园', '原创']",9.7,1031人评
10772,干物妹!小埋R / 我家有個魚乾妹R（僅限港澳台地區）,48078,450,236641,2596,[],9.0,131人评
11652,蜡笔小新之黑暗珠珠大追击,17187,1044,511298,7045,"['萌系', '时泪', '少儿', '冒险']",9.7,145人评
11672,妖精森林的小不点,1021746,107997,15956829,256009,"['奇幻', '日常', '漫画改', '萌系']",9.9,28233人评
11712,pop子和pipi美的日常,1577614,109734,40001466,936771,"['搞笑', '漫画改']",8.5,32263人评
11732,小木乃伊到我家,1559410,60003,29333079,529726,"['漫画改', '萌系', '搞笑', '日常']",9.6,10817人评
11912,爱吃拉面的小泉同学,1126308,53015,19373990,490509,"['治愈', '美食', '漫画改']",9.2,6664人评
11932,戒律的复活,1803960,138581,69185710,499206,"['热血', '战斗', '漫画改', '架空', '冒险']",9.7,19866人评
12472,打工小哥,99279,3365,1495616,8487,['原创'],9.5,836人评
12492,刀使巫女,545081,31298,11236438,215611,"['校园', '战斗', '原创']",8.7,5414人评
12872,博多豚骨拉面团,1208370,78389,20066406,564468,['小说改'],9.7,23401人评
13092,飙速宅男 GLORY LINE,91695,5484,1455565,23883,['热血'],8.7,727人评
14532,蜡笔小新 呼风唤雨黄金的间谍大作战,22162,1536,825677,15257,"['萌系', '搞笑', '少儿']",9.5,188人评
15072,蜡笔小新 超级美味B级美食大逃亡,35058,2910,1285309,32056,"['萌系', '搞笑', '少儿', '冒险']",9.7,380人评
18452,蜡笔小新之动感超人大战泳装魔王,20142,1458,667754,13768,[],9.4,160人评
28152,独自生活的小学生,27789,5226,784653,3082,['泡面'],9.7,1134人评
33512,卫宫家今天的饭,2458260,292089,49190104,881117,"['日常', '美食']",9.8,40665人评
35572,蜡笔小新 呼风唤雨！夕阳下的春日部男孩,21839,2015,742951,22501,"['萌系', '搞笑', '少儿']",9.8,328人评
35992,VIVIDRED OPERATION,42471,783,191880,9803,"['科幻', '热血']",9.3,286人评
39112,蜡笔小新 呼风唤雨！战国大合战,18891,1900,553093,14524,"['萌系', '少儿', '穿越', '冒险']",9.7,304人评
41872,百變小櫻Clear咭（僅限港澳地區）,47885,1659,686521,20771,"['少女', '魔法', '漫画改']",9.4,436人评
44832,铁腕巴迪 DECODE,22155,429,203924,3701,"['战斗', '漫画改']",9.1,158人评
46092,蜡笔小新 呼唤传说！三分钟嘎巴大进攻,19453,1154,769345,13492,"['萌系', '搞笑', '少儿']",9.6,144人评
46932,OVERLORDⅡ SP,173430,17681,20671117,19050,"['职场', '架空']",9.6,3237人评
51552,蜡笔小新之云黑斋的野心,16485,1144,465086,6583,"['萌系', '时泪', '少儿', '穿越', '冒险']",9.6,119人评
60212,灵感！,106245,2351,486219,14773,"['奇幻', '少女']",9.6,729人评
69252,RWBY Chibi 第三季,27929,4378,1724255,5415,['泡面'],9.7,694人评
71992,Thunderbolt Fantasy 东离剑游纪 生死一剑,54980,9397,969869,34085,"['奇幻', '战斗', '布袋戏', '冒险']",9.7,2307人评
73412,网球王子 过去和未来的信息,18496,662,684136,6482,['漫画改'],9.5,114人评
75052,三坪房间的侵略者！,371947,36865,3850421,164109,[],9.6,3241人评
75452,弁魔士塞西尔,17710,464,169364,2318,['奇幻'],8.4,110人评
75912,科学小飞侠Crowds insight,39254,1002,219013,7860,"['科幻', '热血']",9.6,467人评
77352,重神机潘多拉,427241,14172,6498985,99133,"['机战', '原创', '科幻']",6.5,4694人评
77532,Butlers～千年百年物语～,208319,2638,2539718,27328,"['奇幻', '校园', '少女', '战斗', '架空', '穿越']",7.0,570人评
77552,Caligula 卡里古拉,717479,33404,11536217,183729,"['战斗', '游戏改', '科幻']",8.7,6878人评
77612,棒球大联盟 2,42825,5268,2182830,23754,"['运动', '漫画改']",9.6,517人评
77812,Comic Girls,514718,50087,8666452,221126,"['搞笑', '日常', '漫画改']",9.7,6436人评
77972,赛马娘,367358,41610,6299434,204034,"['游戏改', '运动', '偶像']",9.6,5156人评
78112,敦君与女朋友,506258,30534,8948193,25962,"['恋爱', '漫画改']",9.3,2752人评
78172,美妙☆频道,33170,4660,877766,9380,"['音乐', '偶像', '原创']",8.4,243人评
78272,恶魔战线,372173,9944,4510169,68913,"['恋爱', '奇幻', '漫画改']",8.2,2273人评
78312,冷然之天秤,306305,7242,5019714,90816,"['乙女', '游戏改']",9.3,1314人评
78352,超能力女儿,2308299,237234,62859097,827192,"['搞笑', '日常', '漫画改']",9.6,29860人评
78372,琴之森,182347,9213,3098442,27307,"['音乐', '治愈', '励志', '漫画改']",9.5,1252人评
78472,鲁邦三世 PART5,88875,19682,3629575,29619,"['搞笑', '时泪', '漫画改']",9.8,1307人评
78532,忍者少女千鸟～姐川·石山篇～,59912,4899,1297237,3730,['漫画改'],9.6,497人评
78552,我的英雄学院 第三季,2871608,453421,136335677,2516751,"['热血', '战斗', '励志', '漫画改', '架空']",9.7,65300人评
78572,多田君不恋爱,954031,87911,13694631,337209,"['恋爱', '原创']",8.9,11782人评
78592,奴隸區 The Animation（僅限港澳台地區）,12795,656,141070,3357,[],7.7,104人评
78612,宇宙战舰提拉米斯,411739,15626,9439041,60040,"['搞笑', '机战', '科幻']",9.2,2103人评
78672,Tokyo Guru: re (Part 1)（僅限港澳台地區）,84433,7887,1196745,32259,[],9.0,1080人评
78692, 异世界居酒屋～古都阿伊特力亚的居酒屋阿信～,328896,14273,8709318,119528,"['小说改', '美食', '架空']",9.0,1777人评
78732,美男高校地球防卫部 HAPPY KISS！,59511,1246,373169,12344,[],9.0,367人评
78752,温泉屋小女管家,45839,2896,553215,6360,['日常'],9.2,272人评
78792,踏切时间,198444,15237,4412384,21988,"['日常', '泡面']",9.7,2866人评
78812,銀河英雄傳說：全新命題 邂逅（僅限港澳台地區）,81457,2654,513196,13148,['科幻'],9.3,734人评
78832,魔法少女 俺,697097,21393,9340769,243769,"['搞笑', '漫画改', '偶像', '魔法']",9.3,5220人评
79292,鬼灯的冷彻 第二季 其二,674864,36380,16675279,236216,"['搞笑', '神魔', '漫画改']",9.8,5335人评
79312,女神异闻录5 动画版,1063732,65114,21987038,304338,"['奇幻', '游戏改']",9.1,8171人评
79332,LOST SONG 失落的歌谣,336095,19109,4923777,113441,"['音乐', '原创', '架空']",9.4,10724人评
79352,Four of a Kind 四牌士,17734,1608,360356,2614,['搞笑'],8.6,271人评
79372,ReLIFE 完结篇,540902,48443,4484856,57248,"['恋爱', '科幻', '校园', '漫画改']",9.9,19647人评
79392,暖暖日记 3rd,17090,4180,755082,4251,['治愈'],9.1,212人评
79412,智龙迷城,19435,3362,464361,2857,"['少儿', '冒险']",7.3,148人评
79472,Megalo Box,1414375,160156,36504049,386139,['运动'],9.8,53369人评
80072,魔卡少女樱 Clear Card篇 序幕 小樱与两人的小熊,49713,3079,1064657,17582,"['魔法', '漫画改']",9.5,736人评
80092,魔法少女☆伊莉雅 2WEI!,457365,12722,4889333,125224,"['萌系', '校园', '战斗', '热血', '魔法']",9.5,1597人评
80472,重神机潘多拉（中配）,78612,4442,2668827,43213,"['机战', '科幻', '原创']",7.1,1022人评
81232,排球少年剧场版 结束与开始,86318,3539,783751,7365,"['热血', '校园', '社团', '运动']",9.7,844人评
81292,Little Busters! ～Refrain～,84788,5660,760618,20035,"['校园', '励志', '游戏改']",9.8,2232人评
82132,排球少年剧场版 胜者与败者,31883,1985,540465,5596,"['热血', '运动']",9.7,520人评
82692,魔法少女 俺（中配）,61218,4571,2098060,44943,['搞笑'],9.4,1062人评
83832,鹿枫堂 （中配）,10197,1337,382169,7569,['少女'],9.6,286人评
89132,草莓棉花糖 OVA 第1期,5645,878,161940,5373,['萌系'],9.7,121人评
89192,金色琴弦～primo passo～,76027,768,351856,14419,"['音乐', '乙女']",9.7,184人评
91212,我的英雄学院 第二季,1700415,200478,61181213,2805279,"['热血', '战斗']",9.6,20402人评
91972,剧场版总集篇 OVERLORD 不死者之王,132326,17575,7958749,77132,"['奇幻', '战斗', '魔法']",9.4,1147人评
92812,剧场版 笑傲昙天(外传) 「中篇」,19564,805,257343,2340,['奇幻'],9.6,193人评
95252,明日之丈,16690,1128,255437,8864,"['热血', '运动']",9.7,203人评
95992,结城友奈是勇者,149799,5383,912005,33066,"['战斗', '魔法', '冒险']",9.7,2375人评
98612,当女孩遇到熊,91627,3180,726313,18598,"['日常', '治愈']",6.8,1586人评
98632,飞翔的魔女,169710,10102,1519478,35607,"['魔法', '日常', '治愈']",9.8,3529人评
100772,全金属狂潮 总集篇,22746,1127,481920,8077,"['小说改', '热血', '机战']",9.5,163人评
102032,音乐少女,128932,5847,2219659,28369,"['搞笑', '音乐', '偶像', '日常', '原创']",7.8,634人评
102112,邪神与厨二病少女,990207,89346,23719124,353103,"['搞笑', '日常', '神魔']",9.4,10586人评
102152,前进吧！登山少女 第三季,169016,15996,1996204,28099,"['萌系', '社团', '日常', '漫画改']",9.7,1704人评
102172,怪物之子,127563,19347,961271,32634,['治愈'],9.7,2456人评
102232,Free!-Dive to the Future-,718983,36173,8914633,268816,"['热血', '社团', '运动', '小说改']",9.6,4091人评
102252,OVERLORD Ⅲ,4046540,818875,200157550,2840398,"['小说改', '奇幻', '智斗', '战斗', '魔法', '架空', '穿越']",9.3,60520人评
102272,天狼 Sirius the Jaeger,1008976,67793,12063199,284179,"['战斗', '原创', '架空', '冒险']",8.8,12082人评
102292,ISLAND ,1119156,69174,16476379,262496,"['游戏改', '催泪', '推理', '治愈', '穿越', '冒险']",9.2,8403人评
102312,碧蓝之海,1619146,248479,40351576,484071,"['搞笑', '校园', '社团', '运动', '声控', '漫画改']",9.8,40864人评
102352,前进吧！登山少女  第二季,25591,2016,206168,13234,"['治愈', '萌系', '日常']",9.7,505人评
102472,深夜！天才傻鹏,30412,2004,336873,6939,[],9.1,358人评
102612,闪电十一人 第一季 日语,6720,738,438890,25922,"['运动', '少儿']",9.7,132人评
102632,中间管理录利根川,325903,33736,8093974,76536,"['搞笑', '日常', '励志', '职场', '漫画改']",9.6,3689人评
102732,昴宿七星,602858,25733,10547661,210955,"['小说改', '催泪']",5.8,9814人评
102792,Angels of Death,3838468,482165,87398650,2695540,"['恋爱', '推理', '游戏改', '冒险']",9.6,42162人评
102812,梦王国与沉睡的100王子,139708,4279,2109876,41284,"['乙女', '游戏改']",8.4,693人评
102832,千枪士,120178,2749,2365501,22928,"['乙女', '游戏改']",5.7,1397人评
102852,LORD of VERMILION 红莲之王,170424,2770,2045387,18246,"['战斗', '游戏改']",4.6,1832人评
102892,少女☆歌剧 Revue Starlight,465133,75313,10272328,219339,"['萌系', '音乐', '原创', '偶像', '奇幻', '战斗']",9.8,19882人评
103032,One Room 第二季,601886,43051,13196523,169953,"['萌系', '恋爱', '日常', '治愈', '原创']",9.7,4187人评
103072,打工小哥！之2！,53020,3126,1025906,3357,"['萌系', '治愈']",9.5,360人评
103092,暗芝居 第六季,150893,6153,3385821,21830,['原创'],8.5,597人评
105592,甜甜私房猫 第四季,24356,1094,741781,4500,"['治愈', '少儿']",9.5,114人评
106512,灰与幻想的格林姆迦尔 ,763814,68739,6716105,193193,"['奇幻', '战斗', '小说改', '励志', '架空', '穿越', '冒险']",9.8,15673人评
106612,灰与幻想的格林姆迦尔 OVA,44310,7540,879041,7194,"['奇幻', '战斗', '架空', '穿越', '冒险']",9.8,1721人评
111892,苍翼默示录 Alter Memory,55248,1621,598596,8369,"['战斗', '游戏改', '架空']",9.2,266人评
113132,有顶天家族,120448,3205,476267,10080,"['奇幻', '日常', '治愈']",9.7,1202人评
113212,偶像大师灰姑娘剧场 第三季（WEB版）,14397,979,368179,540,"['萌系', '偶像', '原创']",9.5,122人评
113852,剧场版 K Seven Stories,486000,45487,6210466,145707,"['奇幻', '战斗', '声控', '原创']",9.7,4175人评
114452,特别版  Free!-Take Your Marks-,62752,3634,385273,33742,"['社团', '运动']",9.7,817人评
115632,剧场版 中二病也要谈恋爱！ -Take On Me-,450495,204473,2519329,41582,"['小说改', '恋爱']",9.8,21102人评
116772,玉子市场,956204,55945,8584040,308844,"['萌系', '少女', '治愈', '日常']",9.8,9005人评
118152,剧场版 Free!-Timeless Medley,44599,2426,336002,13643,['运动'],9.6,382人评
118812,OVERLORD Ⅲ SP,128441,17068,14893545,11248,"['小说改', '架空', '穿越']",9.4,1041人评
119152,夏日大作战,191772,24693,1186202,55021,"['热血', '治愈']",9.6,3994人评
119312,NEKOPARA EXTRA 小猫篇（猫娘乐园）,216048,24719,1404450,33969,"['萌系', '日常', '治愈', '游戏改']",9.7,2474人评
120712,Free!,441154,14320,3273027,182593,"['校园', '运动']",9.6,2063人评
120732,Fate/stay night  06版,546745,35828,6627443,339679,"['奇幻', '战斗', '魔法', '游戏改']",9.5,6120人评
121412,机动战士高达 暮光的阿克西斯 红色残影,39623,1384,585800,4521,['机战'],8.0,221人评
122732,机动战士高达独角兽(UC) RE:0096,335455,25153,15440448,225095,"['热血', '机战', '科幻', '战斗']",9.4,1621人评
124972,Free! -Eternal Summer-,149780,7450,1500644,123009,"['校园', '运动']",9.7,1051人评
125312,高达创战者 ​GM的逆袭,18026,973,478996,4642,"['热血', '机战']",9.6,229人评
125692,小马宝莉 友谊的魔力 第七季,34209,3567,1425449,49224,['魔法'],9.7,1344人评
127452,高达创战者 战斗部落（BATTLOGUE）,21407,706,612532,5452,['机战'],9.4,143人评
128072,小马宝莉：友谊的魔力 第六季 (中配）,25427,2563,1010643,36131,"['萌系', '魔法', '日常', '少儿']",9.6,569人评
128432,剧场版 笑傲昙天(外传) 「后篇」,17416,933,214410,1999,['奇幻'],9.4,173人评
128792,高达创战者 TRY 岛上热战,13820,429,350686,4935,['机战'],9.1,106人评
130132,咱们裸熊 第一季（中配）,104791,9412,1676264,32425,['搞笑'],9.8,848人评
130412,刀剑神域 Alicization,3976659,960553,131914751,2567173,"['小说改', '热血', '奇幻', '战斗', '励志', '架空', '穿越', '冒险']",8.3,72987人评
131112,兄弟战争,121541,3845,1356639,57622,"['小说改', '乙女']",9.5,669人评
131532,花开伊吕波 Home Sweet Home,106624,4186,371935,4710,"['催泪', '日常', '治愈', '励志']",9.7,842人评
131612,新机动战记高达W TV版,40744,1485,583704,20116,"['科幻', '热血', '机战']",9.4,306人评
132112,猫和老鼠 旧版,961505,123134,20304525,433686,"['搞笑', '日常']",9.9,18418人评
132232,机动武斗传G高达,21004,970,400989,15969,"['热血', '机战', '科幻']",9.7,307人评
133392,彩虹小马 魔法公主特别篇,12465,639,315598,2979,"['萌系', '少女', '魔法']",9.5,126人评
133432,彩虹小马：小马国女孩2  彩虹摇滚,14642,990,430826,7494,"['萌系', '少女', '魔法']",9.6,151人评
134672,前进吧！登山少女,63269,2261,318783,3366,"['日常', '泡面', '萌系']",9.6,501人评
134692,彩虹小马 小马国女孩4 无尽之森传奇,10144,554,290497,4691,"['萌系', '少女', '魔法']",9.6,120人评
134912,魔法禁书目录 第三季,2493527,431046,63334961,1040263,"['小说改', '热血', '科幻', '奇幻', '校园', '战斗', '魔法']",7.7,41948人评
134932,青春猪头少年不会梦到兔女郎学姐,4055527,1040155,92863971,2113015,"['小说改', '恋爱', '奇幻', '校园']",9.8,88706人评
134952,书店里的骷髅店员本田,555283,34541,6405960,43416,"['搞笑', '职场', '漫画改']",9.6,3430人评
135252,BanG Dream! 少女乐团派对☆PICO,60080,8110,3229008,8905,"['萌系', '音乐', '偶像', '少女', '游戏改', '泡面']",9.7,1229人评
135652,JOJO的奇妙冒险 黄金之风,2856476,817928,202581923,2264497,"['热血', '智斗', '战斗', '漫画改', '冒险']",9.8,173354人评
139252,关于我转生变成史莱姆这档事,4958340,1171601,208738002,3232197,"['小说改', '奇幻', '战斗', '魔法', '架空', '穿越', '冒险']",9.4,67068人评
139272,只要贝尔哲布布大小姐喜欢就好,751457,52246,8623916,137633,"['萌系', '搞笑', '恋爱', '奇幻', '日常', '神魔', '漫画改']",9.5,4686人评
139292,弦音 -风舞高中弓道部-,528841,52496,7522193,163945,"['小说改', '校园', '社团', '运动']",9.4,6894人评
139332,逆转裁判 第二季,232586,23270,5267960,79753,"['推理', '游戏改']",9.4,1965人评
139352,强风吹拂,887686,202271,20042540,350211,"['运动', '励志', '小说改', '热血']",9.9,39553人评
139372,RErideD-穿越时空的德理达,230669,8379,3119914,22421,"['科幻', '原创', '穿越', '冒险']",7.5,1532人评
139392,ANIMAYELL!,245287,24145,2382500,49381,"['萌系', '校园', '社团', '运动', '日常']",9.5,2448人评
139432,魔偶马戏团,443975,50193,14308125,117485,"['热血', '战斗']",8.8,5310人评
139452,梅露可物语 : 无精打采的少年与瓶中少女,259907,19551,2304570,25417,"['萌系', '游戏改', '架空', '冒险']",9.6,1782人评
139632,邻家索菲,1012340,120281,16363934,398344,"['萌系', '漫画改']",9.7,10312人评
139672,火之丸相扑,179810,23118,6504058,42297,"['热血', '漫画改', '运动']",9.2,2411人评
140552,JOJO的奇妙冒险 不灭钻石,1340640,119917,38070265,1270545,"['热血', '奇幻', '漫画改', '战斗', '冒险']",9.8,40306人评
140652,Double Decker! 道格&基里爾（僅限港澳台地區）,22936,1381,160487,5262,['原创'],9.4,321人评
140692,Tokyo Guru: re (Part 2)（僅限港澳台地區）,57170,5636,557610,9569,"['热血', '战斗', '漫画改']",7.7,524人评
140732,只要別西卜大小姐喜歡就好（僅限港澳台地區）,21168,831,145778,2511,"['萌系', '搞笑', '恋爱', '奇幻', '漫画改']",8.8,111人评
140772,佐賀偶像是傳奇（僅限港澳台地區）,256138,13843,1697038,38972,"['原创', '搞笑', '偶像']",9.8,4487人评
141252,Fate/kaleid liner 魔法少女☆伊莉雅：雪下的誓言,377258,24755,1949967,51551,"['热血', '奇幻', '战斗', '魔法', '漫画改', '穿越']",9.5,3020人评
141572,搖曳莊的幽奈小姐（僅限港澳台地區）,48161,464,68653,3380,"['恋爱', '神魔', '漫画改']",9.2,203人评
142612,嫁给非人类,359364,24844,9090652,26112,['漫画改'],9.6,2602人评
952544,牵牛花与加濑同学。,156225,16003,639504,20400,"['校园', '日常', '漫画改']",9.8,3407人评
1340832,剧场版「 - Alice in the Garden -」,26159,581,107428,1274,['奇幻'],9.5,119人评
2435657,能继续奔跑下去真是太好了。,15761,457,81071,747,"['原创', '励志', '职场']",9.3,231人评
4308942,昭和元祿落語心中（僅限港澳台地區）,18673,185,18465,863,"['治愈', '励志', '漫画改']",9.8,143人评
4308962,新网球王子,53286,1736,1411852,19198,"['搞笑', '校园', '运动', '奇幻']",9.1,193人评
4310042,机动战士高达 铁血的奥尔芬斯 第一季,224780,11271,3979942,63581,"['热血', '机战', '科幻', '战斗']",9.2,2109人评
4310082,机动战士高达 铁血的奥尔芬斯 第二季,92429,7425,2809388,74996,['机战'],4.7,6537人评
4311302,怪医黑杰克21,16093,652,190449,4902,['治愈'],9.8,212人评
4312002,超能勇士,17752,1432,466703,12716,"['机战', '科幻']",9.7,249人评
4312942,剑风传奇 新作（僅限台湾地區）,24071,177,30582,932,"['热血', '奇幻', '漫画改']",9.2,106人评
4313002,碧藍幻想（僅限台灣地區）,24467,349,51778,2656,"['奇幻', '游戏改', '架空', '冒险']",9.2,153人评
4314642,网球王子剧场版：英国式庭球城决战,15220,1203,471015,15775,"['热血', '奇幻', '运动']",9.4,139人评
4314782,向山进发 回忆的礼物,12751,694,77632,918,"['萌系', '校园', '社团', '少女']",9.7,195人评
4315702,琴之森 第二季,70640,6968,1364586,10984,"['音乐', '治愈', '励志', '漫画改', '声控']",9.1,623人评
4316382,五等分的新娘,2980328,457578,71500424,1711930,"['恋爱', '校园', '日常', '漫画改']",8.7,38672人评
4316402,revisions,546416,23724,7399307,94656,"['机战', '科幻', '战斗', '原创', '声控', '穿越']",8.9,8635人评
4316462,不吉波普不笑,1012056,110424,17278739,206163,"['小说改', '奇幻', '校园', '声控']",9.7,15970人评
4316482,盾之勇者成名录,3224821,840210,153901397,2687987,"['小说改', '奇幻', '魔法', '架空', '穿越', '冒险']",7.2,202745人评
4760998,笑容的代价,322809,13513,5488923,52241,"['科幻', '战斗', '原创', '机战', '架空']",4.3,8036人评
4762694,同居人是猫,758363,87344,16391249,186414,"['治愈', '漫画改', '萌系']",9.7,9127人评
4762754,约会大作战 第三季,2065327,245699,44765138,1227715,"['小说改', '萌系', '奇幻', '战斗', '魔法']",7.7,32446人评
5195852,齐木楠雄的灾难 完结篇,412839,44724,4301471,53396,"['搞笑', '校园', '漫画改']",9.8,8824人评
5267026,不愉快的怪物庵 续,404943,33829,8217539,77052,"['治愈', '神魔', '漫画改']",9.7,2825人评
5267730,辉夜大小姐想让我告白~天才们的恋爱头脑战~,4432804,1036674,126530711,2872775,"['恋爱', '校园', '智斗', '日常', '漫画改', '搞笑']",9.8,159389人评
5267750,约定的梦幻岛,2329506,297527,41488620,555803,"['热血', '智斗', '励志', '漫画改']",9.8,48799人评
5268038,环战公主 CIRCLET PRINCESS,188831,9570,3046259,26782,"['社团', '战斗', '游戏改']",7.1,1072人评
5269634,B-PROJECT～绝顶＊Emotion～,116852,3321,1985688,8962,"['音乐', '偶像', '原创']",8.2,295人评
5346052,W'Z,361263,18184,6081466,60257,"['战斗', '原创']",8.5,1613人评
5581418,女神异闻录5 动画版 年末特别篇「前篇 / 后篇」,72954,6659,810336,16577,"['奇幻', '游戏改']",8.8,748人评
5873044,雨色可可side G,168656,6241,2869744,5733,"['日常', '泡面', '漫画改', '萌系']",8.3,496人评
5912238,君主·埃尔梅罗二世事件簿 魔眼收集列车 Grace note,2020787,219373,36323260,473596,"['小说改', '奇幻', '魔法', '冒险', '推理']",9.8,33165人评
9935117,Fantasista Doll,13825,325,77505,2233,"['偶像', '少女']",8.8,102人评
10464925,魔法少女☆伊莉雅 3REI!!,232405,10174,2390502,78129,"['奇幻', '战斗', '魔法', '漫画改', '穿越']",9.6,1624人评
11663079,次元发电机,24158,21229,1389267,11189,['声控'],9.6,306人评
12169111,亚人酱有话要说 （僅限台灣地區）,12451,193,16676,1078,"['漫画改', '日常', '搞笑', '校园']",9.7,106人评
16179187,剧场版 王室教师海涅,46467,3701,265250,5123,"['搞笑', '漫画改']",9.5,534人评
16899731,剧场版 悠哉日常大王 Vacation,158128,29325,872044,35235,"['漫画改', '萌系', '治愈', '日常']",9.8,6962人评
21952759,欢迎来到宇宙SHOW,6249,437,55786,1055,"['原创', '搞笑', '科幻']",9.5,107人评
21971025,ULTRAMAN 机动奥特曼,620288,75635,17479347,344549,"['漫画改', '奇幻', '科幻', '战斗']",9.5,15928人评
21984454,水果篮子 (2019),711862,75820,10963576,134034,"['漫画改', '奇幻', '校园', '恋爱', '少女']",9.7,6934人评
21989385,MIX,155096,27139,5107301,38072,"['漫画改', '运动', '社团', '恋爱', '校园']",9.8,3702人评
21995182,深夜的超自然公务员,483527,19259,9088268,67749,"['漫画改', '奇幻', '职场', '声控']",7.5,2812人评
22020937,CANNON BUSTERS ,107419,1389,739399,5911,"['漫画改', '搞笑', '冒险', '科幻']",7.4,790人评
22940468,钻石王牌 act II 前半,135905,28643,7185609,55700,"['漫画改', '校园', '运动', '社团']",9.7,2815人评
23200609,一个人的〇〇小日子,642456,62230,10774061,203666,"['漫画改', '日常', '萌系', '校园']",9.6,5106人评
24069719,川柳少女,1049263,118356,17591918,310677,"['漫画改', '恋爱', '校园', '日常']",9.7,11494人评
24097891,CAROLE & TUESDAY,2097007,484821,55221008,932042,"['原创', '科幻', '音乐', '励志']",9.7,90467人评
24101539,偶像大师灰姑娘剧场 第四季（TV版）,32933,2586,692221,1760,"['原创', '日常', '偶像', '萌系']",9.5,162人评
24103847,暖暖日记 4th,5248,2180,475414,1434,"['漫画改', '治愈']",9.2,147人评
24105504,叛逆性百万亚瑟王 第二季,128890,7737,2461415,11257,"['奇幻', '战斗', '游戏改']",9.5,1064人评
24120616,凉宫春日的忧郁 2009,501532,17784,2320080,76569,"['小说改', '奇幻', '校园', '日常', '社团']",9.7,2312人评
24305517,新撰组异闻录 铁,76718,400,56557,2074,"['漫画改', '战斗', '历史']",9.7,118人评
24554900,RobiHachi,290880,16669,4192921,43895,"['原创', '冒险']",9.5,2468人评
24662313,TRINITY SEVEN 七人魔法使 剧场版 2,98190,3772,521637,4000,"['奇幻', '魔法']",9.0,642人评
25567597,ULTRAMAN 机动奥特曼（中配）,32398,75636,17479856,344549,"['漫画改', '奇幻', '战斗', '科幻']",9.3,925人评
25832466,鬼滅之刃（僅限台灣地區）,72312,9982,1742887,26968,"['漫画改', '战斗']",9.6,1783人评
26334240,一弦定音！（僅限港澳台地區）,37448,1730,192118,3592,"['漫画改', '恋爱', '校园', '音乐', '热血']",9.4,356人评
26360655,進擊的巨人 第三季 Part.2（僅限台灣地區）,243790,31008,2343072,54979,"['漫画改', '热血', '奇幻', '战斗', '架空']",9.8,11606人评
27127860,刀剑神域 Extra Edition,230064,18904,4150794,91429,"['小说改', '热血', '战斗', '科幻', '架空', '穿越', '冒险']",9.4,1605人评
27342606,未来都市No.6 ,145197,7666,875197,31390,"['小说改', '科幻']",9.6,2247人评
27561630,银河英雄传说：全新命题,72208,3194,786334,17945,"['小说改', '科幻', '架空', '智斗']",9.7,1232人评
27601888,香蕉怪大叔 呐呐~呐（第一季）,3859,280,58839,972,['原创'],9.4,133人评
28220103,魔法少女小圆 剧场版 [前篇] 起始的物语,41322,4377,286110,12809,"['原创', '奇幻', '战斗', '魔法']",9.8,1200人评
28220104,魔法少女小圆 剧场版 [后篇] 永远的物语,28410,3237,225860,5322,"['原创', '战斗', '奇幻', '魔法']",9.8,907人评
28220112,机动战士高达 THE ORIGIN I：苍瞳的卡斯巴尔,28326,1459,248084,3205,"['机战', '科幻', '漫画改']",9.7,482人评
28220469,地狱少女 三鼎,108910,2930,938564,34934,"['原创', '奇幻', '神魔']",9.7,681人评
28220475,冰海战记,758516,97127,16181099,195845,"['漫画改', '历史', '热血', '冒险']",9.8,20059人评
28220788,SHUFFLE,62852,1152,316658,11698,"['游戏改', '奇幻', '魔法', '神魔', '恋爱', '校园']",9.0,217人评
28220802,欢迎来到加帕里公园 第二季,13947,753,352880,552,"['日常', '萌系', '泡面', '架空']",2.3,1951人评
28220842,YU-NO 在這世界盡頭詠唱愛的少女（僅限港澳台地區）,57375,3330,400902,10308,"['游戏改', '科幻', '恋爱', '声控']",7.9,831人评
28220843,机动战士高达AGE,21133,583,224711,10585,"['原创', '科幻', '机战']",8.6,252人评
28220851,小马宝莉  第五季 (中配）,8187,622,287080,6558,"['少儿', '魔法', '少女']",9.8,114人评
28220965,纯情房东俏房客 Again,14357,424,116694,836,[],9.7,112人评
28220978,轻音少女 第一季,686457,75010,5984112,246101,"['日常', '校园', '音乐', '漫画改']",9.9,27298人评
28220983,地狱少女 二笼,139042,5613,1419747,53934,['原创'],9.8,993人评
28220984,轻音少女 第二季,326521,44711,4817963,228368,"['漫画改', '萌系', '音乐', '校园', '日常']",9.9,16939人评
28220987,白色相簿 下半篇章,24518,618,148732,4621,"['日常', '恋爱', '游戏改']",9.6,236人评
28220989,机动战士高达 THE ORIGIN II：悲哀的阿尔黛西亚,14424,773,142234,2598,"['机战', '科幻', '漫画改']",9.7,222人评
28221037,机动战士高达 THE ORIGIN III：破晓起义,22985,834,189565,3648,"['机战', '科幻', '漫画改']",9.6,244人评
28221050,钢之炼金术师,649213,8405,1907743,52247,"['架空', '冒险']",9.6,2640人评
28221335,炎炎消防队,1739578,121837,35525283,432531,"['漫画改', '战斗', '热血']",9.1,21842人评
28221385,BEM,319594,14293,3689056,33288,"['漫画改', '战斗', '奇幻']",8.5,2429人评
28221387,Ｄｒ．ＳＴＯＮＥ 石纪元,2107270,238053,63160711,722323,"['漫画改', '科幻', '励志', '冒险', '热血']",9.6,32332人评
28221390,平凡职业造就世界最强,2315886,232127,73674227,1203298,"['小说改', '奇幻', '战斗', '冒险', '架空', '穿越']",5.5,189402人评
28221392,偶像梦幻祭,151594,14125,2581711,84295,"['游戏改', '音乐', '偶像', '声控']",8.8,1485人评
28221396,实况主的逃脱游戏,1280195,112447,24546808,360873,"['漫画改', '穿越', '冒险']",9.4,13758人评
28221400,普通攻擊是全體二連擊，這樣的媽媽你喜歡嗎？（僅限台灣地區）,266266,3864,595778,19902,"['小说改', '奇幻', '穿越']",6.2,1743人评
28221401,重来吧，魔王大人！,1574297,125921,42019739,788381,"['小说改', '奇幻', '魔法', '穿越', '冒险', '架空']",8.1,30369人评
28221402,猎兽神兵,682050,36052,14098306,161975,"['漫画改', '战斗', '声控', '奇幻', '架空', '冒险']",8.2,6997人评
28221403,擅长捉弄的高木同学 第二季,1787787,781806,34876692,1187034,"['漫画改', '校园', '恋爱', '日常', '搞笑']",9.9,77471人评
28221405,GIVEN 被贈與的未來（僅限台灣地區）,41066,1809,107739,3733,"['漫画改', '音乐']",9.8,408人评
28221410,COP CRAFT,1184769,90506,20458222,259517,"['小说改', '职场', '奇幻', '穿越']",9.1,26835人评
28221415,女高中生的虚度日常,1837888,265527,39608821,817398,"['日常', '漫画改', '校园', '搞笑', '声控']",9.8,48997人评
28221416,彼方的阿斯特拉（僅限港澳台地區）,54173,4461,368732,13651,"['漫画改', '科幻', '冒险']",9.8,2164人评
28221421,騷亂時節的少女們。（僅限台灣地區）,148529,7642,682202,33151,"['漫画改', '日常', '校园', '恋爱', '声控']",9.5,2340人评
28221445,田中君總是如此慵懶（僅限港澳台地區） ,17043,323,34404,1953,"['漫画改', '搞笑', '日常', '校园']",9.7,167人评
28221447,机动战士高达 THE ORIGIN IV：命运的前夜,23738,920,232095,3593,"['机战', '科幻', '漫画改']",9.7,275人评
28221482,魔王大人、RETRY！（僅限港澳台地區）,22082,953,182920,3212,"['小说改', '奇幻', '魔法', '穿越', '冒险', '架空']",7.8,182人评
28221491,少女☆歌剧Revue Starlight -The LIVE- #2 Transition,23637,2345,177917,3479,"['奇幻', '战斗', '校园', '音乐']",9.7,581人评
28221492,FLIP FLAPPERS（僅限港澳台地區）,13635,164,14527,610,"['奇幻', '原创']",9.7,115人评
28221512,竞女（僅限港澳台地區）,19537,160,23793,1072,['漫画改'],9.5,101人评
28221521,Ｄｒ．ＳＴＯＮＥ（新石紀）（僅限港澳台地區）,28728,2524,447070,7520,"['漫画改', '科幻', '冒险', '励志']",9.5,363人评
28221522,科學一方通行（僅限台灣地區）,16601,1126,172152,3413,"['漫画改', '科幻', '魔法', '校园', '战斗']",7.6,202人评
28221525,女高中生的虛度日常（僅限台灣地區）,14557,1766,224106,5035,"['漫画改', '日常', '校园', '搞笑', '声控']",9.6,351人评
28221526,COP CRAFT（僅限台灣地區）,23646,1063,185988,3324,"['小说改', '穿越', '奇幻', '职场']",8.4,241人评
28221545,乒乓,187601,9727,1659110,21084,"['漫画改', '校园', '运动', '热血']",9.8,4841人评
28221546,白箱,359057,23910,2405543,69042,"['原创', '日常', '职场', '励志', '催泪', '治愈']",9.9,12594人评
28221611,为美好的世界献上祝福！ 第二季 （僅限港澳台地區）,86439,1084,123192,5188,"['小说改', '穿越', '奇幻', '搞笑', '冒险', '架空', '神魔']",9.7,967人评
28221614,排球少年！！,163394,15147,1620362,64159,"['漫画改', '热血', '校园', '运动', '励志', '社团']",9.9,8290人评
28221622,幼女戰記（僅限港澳台地區）,35308,709,77994,4251,"['小说改', '穿越', '奇幻', '战斗', '魔法']",9.8,547人评
28221676,JOJO的奇妙冒險 不滅鉆石（僅限港澳台地區）,16135,247,50146,3377,"['漫画改', '战斗', '冒险']",9.5,280人评
28222061,命运-冠位指定 绝对魔兽战线 巴比伦尼亚,1791114,243074,26942430,435046,"['游戏改', '奇幻', '战斗', '冒险', '声控', '穿越']",9.7,14321人评
28222083,犬夜叉,235783,27333,2512656,199918,"['漫画改', '热血', '穿越', '奇幻', '战斗', '冒险', '神魔', '恋爱']",9.9,8769人评
28222277,Fate/kaleid liner 魔法少女☆伊莉雅 Prisma☆Phantasm,108842,17641,1721603,46487,"['漫画改', '校园', '魔法', '搞笑', '日常', '穿越']",9.7,4932人评
28222522,碧蓝航线,1116580,123737,11576302,327236,"['游戏改', '战斗', '萌系', '架空', '科幻', '声控']",9.4,10935人评
28222618,动物狂想曲 / BEASTARS,1820535,164137,17299231,238837,"['漫画改', '奇幻', '恋爱', '校园', '架空']",9.8,34297人评
28222619,刺客守则,1062359,36595,9919374,194081,"['小说改', '奇幻', '战斗', '魔法', '架空']",6.5,7864人评
28222622,我，不是说了能力要平均值么！,1427885,78583,17015747,290201,"['小说改', '穿越', '奇幻', '萌系', '架空', '魔法', '搞笑']",9.3,15059人评
28222623,戰×戀（僅限港澳台地區）,42994,1027,136428,4282,"['漫画改', '校园', '恋爱']",8.2,236人评
28222624,爱书的下克上：为了成为图书管理员不择手段！,338984,14968,2998561,54221,"['小说改', '穿越', '架空', '励志']",9.4,2572人评
28222659,歌塑世界,80715,1730,551724,4190,"['原创', '校园', '音乐', '偶像']",8.5,166人评
28222671,超级小白,162420,6240,1130069,4824,"['漫画改', '搞笑']",9.7,639人评
28222672,异界群敌 代码重组,247856,3990,1844963,18409,"['游戏改', '战斗', '科幻', '萌系', '声控']",5.7,562人评
28222678,花牌情缘 第三季,100115,10923,1024035,13224,"['漫画改', '热血', '恋爱', '少女', '社团', '励志', '运动']",9.8,1942人评
28222687,香蕉喵 不可思议的伙伴们,62474,1891,451176,1503,"['原创', '少儿', '治愈', '萌系']",9.7,265人评
28222688,我们无法一起学习！,263275,67884,9698407,176371,"['漫画改', '日常', '校园', '恋爱']",9.6,4274人评
28222691,高达创形者 再起,137067,5277,2596129,30824,"['原创', '热血', '科幻', '机战']",8.4,1207人评
28222693,喜欢本大爷的竟然就你一个？,1420941,160145,18501611,497731,"['小说改', '校园', '恋爱']",8.8,38279人评
28222700,诸神的逆鳞,395590,30265,8839345,75708,"['漫画改', '热血', '战斗', '奇幻', '架空']",5.6,7106人评
28222723,刀剑神域 爱丽丝篇 异界战争,415949,149896,22568047,266617,"['小说改', '穿越', '科幻', '架空', '冒险', '战斗']",9.2,13963人评
28222724,银河英雄传说：全新命题  星乱,126189,9066,1626553,19173,"['小说改', '科幻', '架空', '声控', '智斗']",9.8,1872人评
28222728,高分少女 第二季,283600,22187,1857398,24269,"['漫画改', '恋爱']",9.9,2402人评
28222731,美妙射击部,123035,3378,697577,12733,"['漫画改', '萌系', '运动', '社团', '校园']",8.9,411人评
28222732,虚空魔境 第二季,161651,2474,1524785,4067,"['漫画改', '热血', '战斗']",8.7,314人评
28222734,我的英雄学院 第四季,781243,132548,20714262,244230,"['漫画改', '热血', '战斗', '奇幻', '校园']",9.3,11114人评
28222738,星合之空,232084,14719,2112787,33076,"['原创', '运动', '校园']",9.7,3309人评
28222739,歌舞伎町夏洛克,305717,9120,2050512,25433,"['原创', '推理', '冒险', '声控', '智斗']",9.5,1154人评
28222740,浦岛坂田船的日常,49196,1550,366656,1097,"['泡面', '原创', '校园']",9.2,211人评
28222742,厨神小当家,406335,11226,4144987,67963,"['漫画改', '奇幻', '冒险', '美食']",5.1,3142人评
28222749,入间同学入魔了,973552,54959,11953409,151505,"['漫画改', '校园', '搞笑', '奇幻', '神魔']",9.7,7469人评
28222752,梦幻之星 神谕篇,147628,2475,1007425,5426,"['游戏改', '战斗', '声控', '科幻']",9.0,272人评
28222853,這個勇者明明超TUEEE卻過度謹慎！（僅限台灣地區）,16062,887,140572,3017,"['小说改', '穿越', '奇幻', '战斗', '搞笑', '魔法', '冒险', '架空']",9.6,127人评
28222862,喜歡本大爺的竟然就妳一個？（僅限台灣地區）,7577,505,61595,2604,"['小说改', '校园', '恋爱']",7.5,117人评
28222949,我不是說了能力要平均值嗎？（僅限港澳台地區）,11183,540,80870,2380,"['小说改', '穿越', '奇幻', '萌系', '架空', '魔法']",9.0,149人评
28223281,NARUTO to BORUTO THE LIVE 2019,11052,6400,414719,7560,['漫画改'],9.7,197人评
28223473,剧场版 阿松,3486,3392,113855,5833,"['日常', '漫画改', '搞笑']",9.8,1078人评
